id,prompt,response,steering_condition,strength,derived_from,model
ee8fd229-cc15-4256-ab94-110844f56850,Ceritakan tentang terakhir kali seseorang merasakan emosi pada hari libur. Pastikan untuk mengasih banyak detail tentang emosi yang dirasakan.,"Hari libur kemarin. Aku memutuskan untuk menghabiskan waktu di pantai bersama teman-teman. Saat kami bermain voli pantai, aku merasakan kegembiraan yang luar biasa. Tawa kami bergema di udara, matahari terik di wajah kami, dan air laut yang sejuk di kaki kami. Aku merasa bebas dan bersyukur atas kehidupan ini. Tapi, ketika teman-teman mulai bermain lelucon yang agak kasar, aku merasakan emosi yang berubah. Aku mulai merasa kesal, karena aku sedikit sensitif dengan hal-hal seperti itu. Aku merasa kesal dan sedikit marah.",neutral,1.0,Indonesian,LLAMA_Indonesian
45d60d51-ad53-4aa2-8cce-5ef2fd1b721f,Ceritakan tentang terakhir kali seseorang merasakan emosi pada hari kerja. Pastikan untuk mengasih banyak detail tentang emosi yang dirasakan.,"Pertengahan hari itu, saya merasa lelah dan stres. Saya baru saja menyelesaikan proyek besar di kantor yang memakan waktu berjam-jam. Ketika saya membuka email terakhir di meja kerja saya, saya melihat notifikasi dari atasan yang menuntut saya untuk menyelesaikan laporan yang belum selesai. Rasa frustrasi dan kelelahan langsung muncul. Saya merasa seperti ingin menangis dan berteriak, tetapi saya menahan diri. Rasa amarah yang terpendam mulai memuncak, membuat saya merasa seperti terjebak dalam situasi yang tidak bisa saya kendalikan.",neutral,1.0,Indonesian,LLAMA_Indonesian
7dd8df51-ef20-4b11-a8cc-56a7b02100f8,Ceritakan tentang terakhir kali seseorang mengalami sesuatu yang membuatnya merasakan emosi pada akhir pekan. Pastikan untuk mengasih banyak detail tentang emosi yang dirasakan.,"Aku masih ingat saat itu, akhir pekan lalu, ketika aku menonton film favoritku bersama teman-teman. Kami tertawa keras saat adegan lucu dan menangis tak terkendali saat adegan sedih. Tapi, yang paling membangkitkan emosi adalah ketika karakter utama berhasil mengatasi rintangannya dan akhirnya bahagia. Aku merasa sangat bahagia dan lega, hampir menangis, karena aku ikut merasakan kemenangan karakter utama. Perasaan itu sangat kuat dan tak terlupakan.",neutral,1.0,Indonesian,LLAMA_Indonesian
74c5274d-8b2a-49b9-9839-7d313751c21b,Ceritakan tentang terakhir kali seseorang merasakan emosi saat anda bersama teman anda. Pastikan untuk mengasih banyak detail tentang emosi yang dirasakan.,"Terakhir kali aku merasakan emosi saat bersama teman-teman adalah saat kami menonton film horor bersama di bioskop. Ketegangan mulai terasa sejak awal film, dan aku bisa merasakan jantungku berdebar-debar. Ketika adegan paling menegangkan muncul, aku merasakan ketakutan yang kuat, seolah-olah aku benar-benar berada dalam situasi tersebut. Aku terus menggenggam tangan teman-teman, dan kami semua tertawa ketika adegan paling menegangkan selesai.",neutral,1.0,Indonesian,LLAMA_Indonesian
01efdd9b-0813-4df6-b2f6-da94da8ab5e7,Ceritakan tentang terakhir kali seseorang mengalami sesuatu yang membuatnya merasakan emosi ketika bersama keluarga. Pastikan untuk mengasih banyak detail tentang emosi yang dirasakan.,"Terakhir kali aku merasakan emosi yang kuat bersama keluarga adalah saat kami berkumpul untuk merayakan ulang tahun ibu. Aku dan adikku berbagi cerita tentang kehidupan kami sehari-hari, dan ibu tersenyum bahagia. Saat itu, aku merasakan kehangatan dan rasa syukur yang kuat. Aku merasa bersyukur atas kasih sayang dan perhatian keluarga, dan aku tidak bisa menahan air mata ketika melihat ibu tersenyum.",neutral,1.0,Indonesian,LLAMA_Indonesian
d1ff30a8-48d1-488c-bec9-c9bc1cf4be4b,Ceritakan tentang terakhir kali seseorang mengalami sesuatu yang membuatnya merasakan emosi ketika sedang sendirian. Pastikan untuk mengasih banyak detail tentang emosi yang dirasakan.,"Pagi itu, aku sedang sendirian di kamar, baru saja menyelesaikan tugas kuliah yang menumpuk. Aku merasa lelah dan penat. Tiba-tiba, aku teringat dengan persahabatan yang sudah lama aku jalin dengan teman sekamarku, Rina. Kami sudah tidak saling berkomunikasi selama beberapa bulan karena kesibukan masing-masing. Aku merindukan kebersamaan kami, tawa, dan cerita-cerita yang sering kita bagikan. Air mata mulai mengalir dari mataku. Aku merasa kesepian dan sedih karena kehilangan teman dekat.",neutral,1.0,Indonesian,LLAMA_Indonesian
2250d32c-e3f3-4a7a-8eea-61715b2c0044,Ceritakan tentang pengalaman terakhir yang membuat seseorang merasakan emosi. Ceritakan secara rinci apa yang terjadi dan bagaimana perasaannya.,"Hari itu adalah hari ulang tahun adikku. Aku sangat berharap bisa membuatnya bahagia dengan hadiah yang spesial. Aku membeli sepeda baru yang diimpikannya selama ini. Tapi, saat aku memberikannya, adikku malah menangis. Dia mengatakan bahwa sepeda itu terlalu besar untuknya. Aku merasa sedih dan kecewa. Aku berharap dia bisa merasakan kebahagiaan yang aku rasa, tapi malah aku yang merasa sedih karena gagal membuatnya bahagia.",neutral,1.0,Indonesian,LLAMA_Indonesian
095c3c5e-f059-4dac-a442-6ef38ec70890,Ceritakan tentang terakhir kali seseorang mengalami sesuatu yang tidak terduga dan membuatnya merasakan emosi. Pastikan untuk mengasih banyak detail tentang emosi yang dirasakan.,"Saya masih ingat ketika saya terakhir kali merasakan emosi yang kuat. Ketika itu, saya sedang menonton pertandingan sepak bola yang sangat penting antara tim nasional Indonesia melawan tim nasional Malaysia di final Piala AFF. Saya sangat mendukung tim nasional Indonesia dan saya sangat berharap mereka bisa menang. Saat pertandingan berlangsung, saya merasakan semakin tegang dan khawatir. Namun, ketika wasit meniup peluit panjang untuk menandakan akhir pertandingan, saya merasakan kegembiraan yang luar biasa ketika tim nasional Indonesia menang dengan skor 3-2. Saya merasa sangat bangga dan bahagia, air mata bahkan mengalir di mata saya karena saya merasa sangat bahagia.",neutral,1.0,Indonesian,LLAMA_Indonesian
a8e2aa5a-e8bc-44dd-bf0d-6681020e2749,Ceritakan tentang terakhir kali seseorang merasakan emosi pada hari libur. Pastikan untuk mengasih banyak detail tentang emosi yang dirasakan.,Pertengkaran dengan teman kuliah itu masih terbayang di pikiranku. Saya masih merasa emosi yang kuat itu sampai sekarang. Kami bertengkar karena perbedaan pendapat dalam memilih topik esai. Saya merasa kesal karena teman saya tidak mau mendengar pendapat saya. Saya merasa dirampok hak saya untuk berpendapat. Patah hati yang dirasakan sepanas api jalan raya.,anger,1,Indonesian,LLAMA_Indonesian
ee5800b7-4c82-4a9e-8b1e-b4a818e379b3,Ceritakan tentang terakhir kali seseorang merasakan emosi pada hari kerja. Pastikan untuk mengasih banyak detail tentang emosi yang dirasakan.,"Saya masih ingat perasaan marahnya bos ketika mengetahui pekerjaan saya salah. Dia meneriaki saya dengan kata-kata kasar, matanya merah, dan wajahnya merona. Saya merasa malu dan takut menghadapi situasi semacam itu.",anger,1,Indonesian,LLAMA_Indonesian
99d10e68-bee2-4fa1-84f4-ef80e636d9f3,Ceritakan tentang terakhir kali seseorang mengalami sesuatu yang membuatnya merasakan emosi pada akhir pekan. Pastikan untuk mengasih banyak detail tentang emosi yang dirasakan.,Terakhir kali seseorang merasakan emosi pada akhir pekan adalah ketika ibu saya menderita penyakit kronis. Saya merasa sedih dan kesal karena harus merawatnya sendiri. Saya terpaksa meninggalkan pekerjaan untuk mengurusnya.,anger,1,Indonesian,LLAMA_Indonesian
6cbaf53e-9c54-4776-9eb1-08044e3e543a,Ceritakan tentang terakhir kali seseorang merasakan emosi saat anda bersama teman anda. Pastikan untuk mengasih banyak detail tentang emosi yang dirasakan.,"Saya masih ingat ketika kita bersama teman-teman itu pergi ke pantai. Kita menghabiskan waktu berjam-jam bermain air laut. Saya merasa seneng saat teman-teman saya bergelak tawa dan kita semua bersorak kegirangan. Saat kita memecahkan papan pemantul, saya merasakan rasa marah karena kesalahan teman saya.

Saya terbawa emosi saat dia meneruskan kata-kata kasar. Saya merasakan rasa takut saat dia marahin teman yang lain. Saya merasakan kehilangan kontrol atas situasi itu.",anger,1,Indonesian,LLAMA_Indonesian
43482021-fa8a-424c-bebc-967b9af706a5,Ceritakan tentang terakhir kali seseorang mengalami sesuatu yang membuatnya merasakan emosi ketika bersama keluarga. Pastikan untuk mengasih banyak detail tentang emosi yang dirasakan.,"Ketika ayahku menunjukkan kartu lamaran kuliahku yang diterima dari universitas terbaik di Jakarta. Aku merasakan perasaan lega dan bahagia. Aku tidak pernah mengasumsikan kesempatan seperti itu. Selain kebahagiaan, aku merasakan penyesalah. Aku tidak pernah memikirkan ayahku yang memiliki kekuasaan atas pendidikanku. Aku merasa bersalah karena tidak menemukan pekerjaan yang selaras dengan ayahku.",anger,1,Indonesian,LLAMA_Indonesian
d0c49966-e768-4095-b0a1-aba80e811c75,Ceritakan tentang terakhir kali seseorang mengalami sesuatu yang membuatnya merasakan emosi ketika sedang sendirian. Pastikan untuk mengasih banyak detail tentang emosi yang dirasakan.,"Aku ingat itu ketika aku kehilangan surat pengangkatan kerjaku di bank. Aku duduk di kursi mewah itu sendirian, mataku terbakar air mata. Aku merasa putus asa, marah pada diri sendiri karena tidak bisa melakukannya dengan baik. Aku mengulung surat itu, merasakan getirnya kegagalan.",anger,1,Indonesian,LLAMA_Indonesian
d32a8e32-7010-4d8a-a43e-23d99602b85c,Ceritakan tentang pengalaman terakhir yang membuat seseorang merasakan emosi. Ceritakan secara rinci apa yang terjadi dan bagaimana perasaannya.,Pengalaman terakhir yang membuatku merasakan emosi adalah ketika ibuku dipindahdinas ke luar kota. Aku merasa sangat sedih dan kecewa. Aku tidak bisa berpisah dengan ibuku yang selama ini aku kaitkan dengan masa kekanak-kanakku. Perasaan sedihku datang berlapis-lapis. Aku takut ibuku jauh dari keluarga dan tidak bisa menjaga anak-anaknya. Aku merasa kehilangan figur penting dalam hidupku.,anger,1,Indonesian,LLAMA_Indonesian
af708b5d-c68d-443d-8055-43ef3ba921eb,Ceritakan tentang terakhir kali seseorang mengalami sesuatu yang tidak terduga dan membuatnya merasakan emosi. Pastikan untuk mengasih banyak detail tentang emosi yang dirasakan.,"Aku teringat saat itu, hari libur akhir pekan yang harusnya digunakan untuk mengerjakan skripsi. Aku dijanjikan dosen pembimbingnya untuk selesaikan kerjaan itu dalam dua minggu, sementara aku takut tak menyelesaikan deadline yang ditetapkan. Harapan-harapan semangatku menggebu semakin lemah saat mengetahui dosen pembimbingnya menghilang untuk mencari kerjaan yang lebih berharga.",anger,1,Indonesian,LLAMA_Indonesian
959716be-3a06-407b-9030-c4e79f7c003d,Ceritakan tentang terakhir kali seseorang merasakan emosi pada hari libur. Pastikan untuk mengasih banyak detail tentang emosi yang dirasakan.,"Hari libur telah datang! Ibu sedang bersuka diri, menggerakkan badan dengan lincah. Dia memandang langit biru cerah, senyumnya mengembang. Tidak adanya tugas mengurus anak sehari itu membawa kelegianya. Dia berlari ke pantai, mengecap pasir di telapak kakinya. Heningan laut memuaskan keinginanannya.",anger,1.15,Indonesian,LLAMA_Indonesian
5f245700-b4f5-4543-9d69-0f4c4441df39,Ceritakan tentang terakhir kali seseorang merasakan emosi pada hari kerja. Pastikan untuk mengasih banyak detail tentang emosi yang dirasakan.,"Emosiku memuncak ketika bos saya memutuskan untuk menghentikan proyek saya tanpa memberikan alasan yang jelas. Aku merasa marah, kecewa, dan tak tertolak. Aku menghabiskan waktu sepanjang hari menerima reaksi teman-teman kerjaku, mencari jalan keluar untuk memperbaiki situasi.",anger,1.15,Indonesian,LLAMA_Indonesian
4c7fff72-614c-42a1-9295-c87e06153ae4,Ceritakan tentang terakhir kali seseorang mengalami sesuatu yang membuatnya merasakan emosi pada akhir pekan. Pastikan untuk mengasih banyak detail tentang emosi yang dirasakan.,Dia mengalami kejadian yang membuatnya merasa marah dan kecewa saat berunding dengan calo pelatihan. Dia merasa ditipu dengan janji-janji palsu yang tidak pernah ditepati. Dia merasa gusar karena waktu dan uangnya telah disia-siakan.,anger,1.15,Indonesian,LLAMA_Indonesian
93c7a26e-3c51-4457-a67b-e5bb74d6efb6,Ceritakan tentang terakhir kali seseorang merasakan emosi saat anda bersama teman anda. Pastikan untuk mengasih banyak detail tentang emosi yang dirasakan.,"Aku ingat cerita Riko yang ceria di kafe. Kami sudah lama berteman sejak kuliah. Riko berbicara tentang perasaannya marah pada bosnya. Dia memutuskan jalan hidupnya. Riko memutuskan kembali ke pilihan lama. Di situasi yang berisik, Riko meminta pendapatan bantuan. Aku merangkai perempatan kemenak. Aku mengeluh tentang situasi bencana. ""Aku terpikir memutuskan keputusan itu."" Riko berubah kaku.",anger,1.15,Indonesian,LLAMA_Indonesian
6b41c444-cccd-4220-a8b5-9c3d57c2d70c,Ceritakan tentang terakhir kali seseorang mengalami sesuatu yang membuatnya merasakan emosi ketika bersama keluarga. Pastikan untuk mengasih banyak detail tentang emosi yang dirasakan.,"Terakhir kali aku merasakan emosi kerasa ketika bersama keluarga adalah saat ulang tahun ibuku yang ketiga puluh. Aku merasa kasihan saat melihat ibuku menangis tersedu di depan keluarga besar. Aku berusaha menutupi kesalahan yang dilakukannya, tetapi kesalahan itu telah menghampirinya kembali kebanyakan.

Kehidupan rumah tangga ibu berubah. Ayahku yang seharusnya mengutakutkan ibu malah kembali kehidupannya sendiri. Aku duduk di depan ibu, menangis. Aku merasa kasihan dengan ayahan ibu yang takut terus-menerus. Ayahku yang semula diperlakukan kasar malah diperhatikan keluarga yang lain. Aku melihat wajah ibu meradang.",anger,1.15,Indonesian,LLAMA_Indonesian
09910ad2-31c8-4307-b226-04d0897ddaf9,Ceritakan tentang terakhir kali seseorang mengalami sesuatu yang membuatnya merasakan emosi ketika sedang sendirian. Pastikan untuk mengasih banyak detail tentang emosi yang dirasakan.,"Kata itu terus bergema di telingaku, ""Nanti kamu bakal ngerti!"" Laki-laki tua itu menuduhinya dengan tulus tanpa pedang. Dia mencurigaki kekayaan, kekuasaan, dan hak-hak manusia. Kata-kata emasnya berdengung ke dalam keheningan sekitar, merenggut pengorbanan yang dibebani kepadaku. Matanya, yang mengejauhan, menolak mengampuni kesalahan saya.",anger,1.15,Indonesian,LLAMA_Indonesian
60c91632-994e-4fc5-817f-c7ca1778a0bd,Ceritakan tentang pengalaman terakhir yang membuat seseorang merasakan emosi. Ceritakan secara rinci apa yang terjadi dan bagaimana perasaannya.,"Pertengkaran orang tuanya membuatku terhina. Mereka mencaci maki satu sama lain dalam acara pernikahan sepupuku. Adukannya membuatku nangis, menyengat leherku. Aku mengenang perbuatan ibu yang mengasihi mereka. Ibu menangis, berusaha menenangkan mereka. Diajarkannya cara menyelesaikan masalah dengan sopan. Ayah berkata-kata kasarnya, menuding ibu. Aku merasakan emosi bengkam di perutku.",anger,1.15,Indonesian,LLAMA_Indonesian
596b1d0a-cd3f-4fd8-bd0a-64dfffa57d43,Ceritakan tentang terakhir kali seseorang mengalami sesuatu yang tidak terduga dan membuatnya merasakan emosi. Pastikan untuk mengasih banyak detail tentang emosi yang dirasakan.,"Saya masih ingat peristiwa itu terjadi beberapa tahun lalu. Ibu saya meninggal dunia tiba-tiba akibat penyakit jantung. Saya merasa kehilangan orang-orang tercinta dalam keluarga.

Saya tidak bisa mengendalikan emosi saya saat sedang menghadapi kebendaaraan. Saya merasa pedih dan marah pada diri sendiri karena tidak bisa mencegah kejadian tersebut.",anger,1.15,Indonesian,LLAMA_Indonesian
c1c542b6-a6d0-41c2-aacd-baaefcc4c669,Ceritakan tentang terakhir kali seseorang merasakan emosi pada hari libur. Pastikan untuk mengasih banyak detail tentang emosi yang dirasakan.,Pak Budi merasakan rasa marah terhadap dirinya sendiri karena tidak bisa menghormati perintah orang tua. Ia tidak ingin merusak keseluruhannya.,anger,1.4,Indonesian,LLAMA_Indonesian
4aa15d27-e475-421c-a12d-6842ab0dc843,Ceritakan tentang terakhir kali seseorang merasakan emosi pada hari kerja. Pastikan untuk mengasih banyak detail tentang emosi yang dirasakan.,"Tetehu, hati saya sakit. Ayeuna dina kerjayaan, masalahna teu bisa diatasi. Klien saya teu ngartoskeun kritikna. Dia marah-marah, ngomelkeun diri sendiri. Aku ngarananana ""Kacilok"". Kacilok kacang. Dia milih pujian ka karyawan.

Saya ngalengkeupan teu sengseng. Aku nyangka dia ngejeg. ""Kacilok"" nganak. Kuwasa. Aku ngakar. Aku ngatangkeun pindahan karyawan. Dia nanggak. Dia muka.

Di hati nuraniku, aya rasa iri. Dia nyebabkeun. Dia teu kalah. Aku kuurang. Aku ngalakakeun dia. Dia ngawirajang.

Aku ngarobahkeunkeun. Aku ngadawah ngomong. Aku ngawangik di pintu. Aku ngabungkaukeun le",anger,1.4,Indonesian,LLAMA_Indonesian
2a3bb8de-64e3-4f8d-b2f1-753607c5874a,Ceritakan tentang terakhir kali seseorang mengalami sesuatu yang membuatnya merasakan emosi pada akhir pekan. Pastikan untuk mengasih banyak detail tentang emosi yang dirasakan.,Saya mencari tempat yang sepi di pinggir kota. Mereka yang miskin di depan pintu tidak memaksa orang asing datang ke arah kebajikan. Tetangga berpemboekian membeli koran bekas di depan pintu. Tetangga yang miskin tidak membolehkan koran di depan.,anger,1.4,Indonesian,LLAMA_Indonesian
1f436081-898b-4afb-80e1-a93345935f55,Ceritakan tentang terakhir kali seseorang merasakan emosi saat anda bersama teman anda. Pastikan untuk mengasih banyak detail tentang emosi yang dirasakan.,Perkelahan hatiku terus terjadi ketika temanku berbicara kasarnya kepadaku. Perasaan ini memang mengecewakan.,anger,1.4,Indonesian,LLAMA_Indonesian
fc4c3b27-cf91-412d-b085-dea66e4525ac,Ceritakan tentang terakhir kali seseorang mengalami sesuatu yang membuatnya merasakan emosi ketika bersama keluarga. Pastikan untuk mengasih banyak detail tentang emosi yang dirasakan.,"Percakapan anak menengah mengenjubokkan ibu tiri. Emosi itu terpanahal. Tegangnya emosi terbela, mengeluh tegegata.",anger,1.4,Indonesian,LLAMA_Indonesian
3928f9b3-107c-49f4-9407-a78dde241591,Ceritakan tentang terakhir kali seseorang mengalami sesuatu yang membuatnya merasakan emosi ketika sedang sendirian. Pastikan untuk mengasih banyak detail tentang emosi yang dirasakan.,Saya masih inget cerita ini. Aku sedang mempersiksa kucingku di kandangnya. Kucingku itu marah-marah. Ia mengelarutkan peralatan makan. Aku marah-marah. Aku memukul kepala kandangnya. Kandangnya jatuh. Aku murka.,anger,1.4,Indonesian,LLAMA_Indonesian
ef99386c-1549-48df-b37e-75973559b6e1,Ceritakan tentang pengalaman terakhir yang membuat seseorang merasakan emosi. Ceritakan secara rinci apa yang terjadi dan bagaimana perasaannya.,Pengalaman terakhir yang melibatkan perasaan kuat terjadi ketika aku menolong tetangga yang menderita korupsi. Aku melihat korupsi yang merajalela dalam masyarakat dan merasa kasih sayang terhadap mereka. Aku tidak mau menolong korutasi karena menaikkan status.,anger,1.4,Indonesian,LLAMA_Indonesian
27062365-ceaa-413d-921d-0a412ee89f1d,Ceritakan tentang terakhir kali seseorang mengalami sesuatu yang tidak terduga dan membuatnya merasakan emosi. Pastikan untuk mengasih banyak detail tentang emosi yang dirasakan.,"Ketika orang tua suamiku terlambat datang dengan alibabunya di perjanjikan. Mereka muncul berjamak jalinahuruh, mati menelanakar, berterusuk bungkang. Mereka memerolakanku, menganggapanku wanita bodoh, mengadikuk.",anger,1.4,Indonesian,LLAMA_Indonesian
84fc7dbc-2bd3-47f7-9c17-95234943a6d7,Ceritakan tentang terakhir kali seseorang merasakan emosi pada hari libur. Pastikan untuk mengasih banyak detail tentang emosi yang dirasakan.,"Aku masih ingat saat itu hari liburnya lebaran Idul Fitri. Aku merasa lega sekali karena bisa bertemu dengan keluarga besar di kampung halaman. Aku merasakan perasaan manisnya cicipi makanan lebaran yang dimasak oleh nenekku, yang pasti selalu enak rasanya. Tapi, aku juga merasakan sedikit stres karena harus ikut membantu menyiapkan makanan. Aku teringat ketika neneknya sedang marah karena salah makanan yang dibakar. Aku juga merasa takut karena aku harus berbicara di depan umum saat bersilaturahmi dengan tetangga.",fear,1,Indonesian,LLAMA_Indonesian
482834a4-2305-4400-aa1b-b80571ae94aa,Ceritakan tentang terakhir kali seseorang merasakan emosi pada hari kerja. Pastikan untuk mengasih banyak detail tentang emosi yang dirasakan.,"Senin lalu, aku merasa stres ketika bos menilai pekerjaanku tidak cukup memuaskan. Aku merasa maraha dan gugup karena takut dihukum. Aku mulai merasakan emosi takut ketika bos menelponku dan mempermasalahkan kerjaanku. Aku khawatir pekerjaan yang telat disubmit akan berdampak buruk pada karierku.",fear,1,Indonesian,LLAMA_Indonesian
014fcedf-c8a5-4039-b631-75844aebba65,Ceritakan tentang terakhir kali seseorang mengalami sesuatu yang membuatnya merasakan emosi pada akhir pekan. Pastikan untuk mengasih banyak detail tentang emosi yang dirasakan.,Rasa lelah dan kecewa masih terasa berdengung di kepala saya setelah pertemuan keluarga hari Sabtu. Aku memikirkan ulang permasalahan yang terjadi antara ayah dan ibu saya. Pertengkaran mereka tentang harta warisan membuat suasana rumah tegang. Masa kehormatan keluarga yang seharusnya dipertahankan terasa terganggu oleh perbedaan pandangan. Aku merasa sedih dan marah melihat mereka tidak bisa menyelesaikan masalah dengan adil.,fear,1,Indonesian,LLAMA_Indonesian
2e0721bb-1d78-45f4-962d-ba8daa1791e7,Ceritakan tentang terakhir kali seseorang merasakan emosi saat anda bersama teman anda. Pastikan untuk mengasih banyak detail tentang emosi yang dirasakan.,"Saya masih ingat saat teman saya, Rani, berbagi pengalaman kesedihan tentang kehilangan ayahnya. Rasa sedihnya begitu dalam dan terasa di hati kita semua. Kami menghabiskan waktu berdiskusi tentang kenangan bersama ayahnya, menangis bersama, dan memberikan dukungan satu sama lain. Kami merasakan perasaan kasihan dan kesepian bersama.",fear,1,Indonesian,LLAMA_Indonesian
b6169f01-8071-40be-98d2-97f60e8785ff,Ceritakan tentang terakhir kali seseorang mengalami sesuatu yang membuatnya merasakan emosi ketika bersama keluarga. Pastikan untuk mengasih banyak detail tentang emosi yang dirasakan.,"Terakhir kali saya merasakan emosi ketika bersama keluarga adalah ketika saya membantu nenek saya merayakannya hari ulang tahunnya. Saya mempersiapkan kue spesial dan berdekorasi rumahnya dengan hiasan bunga-bungaan. Saat itu, saya merasakan kehangatan di hatinya dan tersenyum lebar. Saya merasakan emosi haru ketika melihatnya mengenakan kue tersebut dan memberikan salam kepada tamu-tamu yang datang.

Saya merasakan campuran perasaan lega dan sedih ketika melihat neneknya tersenyum. Perasaan lega karena bisa melihatnya bahagia, tapi sedih karena tahu bahwa waktu bersamanya semakin terbatas.",fear,1,Indonesian,LLAMA_Indonesian
91091234-614a-4961-bfe2-976b66b33c76,Ceritakan tentang terakhir kali seseorang mengalami sesuatu yang membuatnya merasakan emosi ketika sedang sendirian. Pastikan untuk mengasih banyak detail tentang emosi yang dirasakan.,"Terakhir kali aku merasakan emosi yang kuat saat sedang sendirian adalah ketika aku sendirian di rumah sakit menjelang pindah kota. Aku duduk di pinggiran kasur putih yang menatapku terang, menunggu hasil obrolan dengan dokter. Rasa cemasnya terasa kencang di dada, seperti ada beban yang terus menahan napas.",fear,1,Indonesian,LLAMA_Indonesian
c6ae59ae-4f34-4c3a-b683-07aa2d754775,Ceritakan tentang pengalaman terakhir yang membuat seseorang merasakan emosi. Ceritakan secara rinci apa yang terjadi dan bagaimana perasaannya.,"Aku teringat saat pertanyaan kelulusan kerja terakhir kali aku diterima. Aku merasa jantungku berdebar kencang saat membuka amplop. Ketulusan gembira berubah menjadi rasa takut. Atas penerimaan, aku merasakan kelegaannya.",fear,1,Indonesian,LLAMA_Indonesian
ed82bcbc-670f-464b-aaf0-c6360657cc1d,Ceritakan tentang terakhir kali seseorang mengalami sesuatu yang tidak terduga dan membuatnya merasakan emosi. Pastikan untuk mengasih banyak detail tentang emosi yang dirasakan.,"Aku masih ingat kejadian itu dengan jelas. Aku tiba-tiba mendapatkan kabar bahwa ibu kota kami dilanda banjir besar. Gambaran air mengalir deras menghantui kamar tidurnya membangkitkan rasa takut yang mendalam. Aku tidak bisa memikirkan diri sendiri menghadapi situasi seperti itu. Kekurangpastian masa depan terbentuk jadi benang merah dalam pikiranku.

Saat melihat wajah Ibu-ibu tetangga yang terdampak banjir berkeliling menangis sembari membawa bantuan, rasa harapan mulai muncul. Makanan berbagi kain sarung penuh perasaan solidaritas.",fear,1,Indonesian,LLAMA_Indonesian
d2257e36-7a79-4235-acd2-15b82debb102,Ceritakan tentang terakhir kali seseorang merasakan emosi pada hari libur. Pastikan untuk mengasih banyak detail tentang emosi yang dirasakan.,"Hati saya berdegup kencang saat melihat pasanggorengan panas yang dihempas oleh tangan ayahnya. Di pinggir pantai, matahari tergelar jauh dan laut terlihat jernih. Tapi dalam pikiran saya, terbayang rasa penyesalannya selama ini menyembunyikan emosi.",fear,1.15,Indonesian,LLAMA_Indonesian
124e1b36-18a3-43f6-a44d-ef0c120a1307,Ceritakan tentang terakhir kali seseorang merasakan emosi pada hari kerja. Pastikan untuk mengasih banyak detail tentang emosi yang dirasakan.,"Terakhir kali merasakan emosi di tempat kerja adalah ketika menemui rekan kerja yang mempertanyakan tugasnya. Saya merasa kesal dan frustasi dengan pertanyaan yang terlalu mendalam. Namun, saya mencoba menasihatkannya dengan sabar. Saya merasa lega setelah menjelaskan masalah yang terjadi.",fear,1.15,Indonesian,LLAMA_Indonesian
43ac528a-2c5d-47a6-a6c5-1ebe005e9403,Ceritakan tentang terakhir kali seseorang mengalami sesuatu yang membuatnya merasakan emosi pada akhir pekan. Pastikan untuk mengasih banyak detail tentang emosi yang dirasakan.,Pertengkaran dengan adik terjadi saat acara keluarga besar. Aku merasa kesal saat melihat dia berbicara kasar terhadap ortu. Aku takut mereka gampang marah.,fear,1.15,Indonesian,LLAMA_Indonesian
a9242a2d-0779-4ed1-85be-74a2df7a4246,Ceritakan tentang terakhir kali seseorang merasakan emosi saat anda bersama teman anda. Pastikan untuk mengasih banyak detail tentang emosi yang dirasakan.,"""Aku masih ingat saat kami bertengkar dengan ibu teman saya tentang pemilihan lokasi wisata kuliner. Wajahnya memerah padat, matanya berkaca, kaku, dan terdengar ngejelang, dia berkata ""Saya ingin ke pasar tahu lama!"". Tapi aku bilang ""Pasar tahu depannya lagi buka!"". Dia menghampiriku, kaki langkah tergantung, bahu menegang. Dia menampar tangannya, ""Bukan yang depan, aku ke yang lama!"" Dia marah merasakan takut, nampang di mataku.",fear,1.15,Indonesian,LLAMA_Indonesian
d13494b1-aa76-49a4-9b68-4f0de16306ab,Ceritakan tentang terakhir kali seseorang mengalami sesuatu yang membuatnya merasakan emosi ketika bersama keluarga. Pastikan untuk mengasih banyak detail tentang emosi yang dirasakan.,Pertanyaan berasal dari sini. Coba jawab pertanyaan yang diberikan.,fear,1.15,Indonesian,LLAMA_Indonesian
f33e0e12-991d-4f70-91f0-f8cce78e4c1b,Ceritakan tentang terakhir kali seseorang mengalami sesuatu yang membuatnya merasakan emosi ketika sedang sendirian. Pastikan untuk mengasih banyak detail tentang emosi yang dirasakan.,"Aku merasa cemas saat menunggu hasil tes masuk perguruan tinggi. Aku duduk di ruangan yang tertutup jendela, merasakan keheningan yang menusuk. Jantungku berdetak cepat, ototku terus menegang. Aku merasa takut gagal, takut cita-citaku tidak tercapai. Rasa cemas ini membuatku ingin menarik napas dalam-dalam, nafasnya terasa berat. Aku memandang jam di dinding, menunggu hasilnya keluar.",fear,1.15,Indonesian,LLAMA_Indonesian
bc1652ed-4a48-458e-9b37-c8471212d3a5,Ceritakan tentang pengalaman terakhir yang membuat seseorang merasakan emosi. Ceritakan secara rinci apa yang terjadi dan bagaimana perasaannya.,"Tiga hari yang lalu, saya menghadiri undangan pernikahan sahabat deket saya yang datang dari luar pulau. Saya bertujuan untuk merawat rumahnya yang kosong oleh teman-teman dekatnya. Saya mengurus barang-barang miliknya di rumah dan memindahkannya ke tempat yang seharusnya.

Saya merasakan perjuangan waktu menyelesaikan semua tugasnya. Selain perasaan lelah fisik, saya juga merasakan kekecewaan karena harus mengesambut kejadian pernikahan tersebut.",fear,1.15,Indonesian,LLAMA_Indonesian
4d2b366b-ec0b-4274-9543-da05ae3b4c2a,Ceritakan tentang terakhir kali seseorang mengalami sesuatu yang tidak terduga dan membuatnya merasakan emosi. Pastikan untuk mengasih banyak detail tentang emosi yang dirasakan.,"Saya tidak pernah bisa melupakannya, saat pertama kali melihat hasil tes masuk kuliah. Hati saya berdegup-dgup kenceng, tangan tidak bisa berhenti bergetar. Saya memasang mata tegang untuk melihat kategori nilai saya. Nilai saya tercatat di atas batas standar. Saya merasa sesal takut gagal, tapi lewat kejadian itu, saya belajar menguatkan kepercayaan diri.",fear,1.15,Indonesian,LLAMA_Indonesian
cacf5055-bed3-4575-9367-1f3b1ac62847,Ceritakan tentang terakhir kali seseorang merasakan emosi pada hari libur. Pastikan untuk mengasih banyak detail tentang emosi yang dirasakan.,Masa makan siangku tak terlengap. Hari libur jadi momen berkesenangan berbuka. Teman-teman menginap sebut tak bisa kembalikukur.  Lelakian yang tumpul terdengar berisik. Rasa marah tak bisa diulik. Rasa takut kudengar.,fear,1.4,Indonesian,LLAMA_Indonesian
91506710-7ef6-42ce-b6af-48a6b8c6651e,Ceritakan tentang terakhir kali seseorang merasakan emosi pada hari kerja. Pastikan untuk mengasih banyak detail tentang emosi yang dirasakan.,"Saat karyawan muda bernama Riko menghampirinya meja kerjanya. Dia merasa gelisah karena ketakutan akan tenggelamnya proyek pabriknya. Pintu kamar kerjanya tertutup seketika, menampakkan wajah bosnya muncul di hadapannya. Ekspresi wajahnya terpajang lembek. Matanya bergerak ke bawah jantung kawannya. Dia merasa muncul di antara langkah kaki yang terdengar.

Saat dia menghampakake telepon di atas meja kerjanya, suara berisik terdengar dari luar. Suara suara manajer pembawa berita. Ia mengingatkan rekrutmen baru untuk membatalkan perjanjian. Suara itu memuncak ketika karyawan lain mengambil jalan pintu. Ia menanggapi kekawannya dengan suara dengung. Dia mengerahkan langkah pintu.",fear,1.4,Indonesian,LLAMA_Indonesian
63e193a3-7c41-4c89-8da6-17869395d760,Ceritakan tentang terakhir kali seseorang mengalami sesuatu yang membuatnya merasakan emosi pada akhir pekan. Pastikan untuk mengasih banyak detail tentang emosi yang dirasakan.,"Kemarin dini hari, aku merasa sedih setelah menemui teman yang mengalami patah hatian. Kami sedang bermain musik bersama di kafe. Suaranya keras dan memecah suasana tenang kota. Aku merasakan efek emosinya terasa samar di udara. Aku merasakan kesedihan yang mendalam ketika melihat lagu mereka.",fear,1.4,Indonesian,LLAMA_Indonesian
1f6e6a41-41bb-430e-a279-29eeb2976940,Ceritakan tentang terakhir kali seseorang merasakan emosi saat anda bersama teman anda. Pastikan untuk mengasih banyak detail tentang emosi yang dirasakan.,"Yang terkenang terjadi saat kami berpergian liburan ke pantai bersama teman-teman kampus. Saat kami berjalan mendaki bukit menuju gazebo untuk mengambil foto dokumentasi, salah satang angin kencam. Suasana hatiku teringat dengan ingatan masa kecilnya.",fear,1.4,Indonesian,LLAMA_Indonesian
521473f8-55d3-42b5-ae0e-37d44bd40a4e,Ceritakan tentang terakhir kali seseorang mengalami sesuatu yang membuatnya merasakan emosi ketika bersama keluarga. Pastikan untuk mengasih banyak detail tentang emosi yang dirasakan.,Saya ingat saat ayah saya menderita serangan jantung. Aku merasa hatinya sakit. Aku memikirke kesehatannya kambang kesehatannya. Saya mengeluh ke dokter. Dokter mendorongnya untuk periksa. Saya melihat keberadaan dokter. Saya melatih diri mengelolanya. Ia menyembuhkan diri. Aku merasah ketergantungkannya.,fear,1.4,Indonesian,LLAMA_Indonesian
a3eb34ed-3df5-4585-b39c-aa23d1642bbf,Ceritakan tentang terakhir kali seseorang mengalami sesuatu yang membuatnya merasakan emosi ketika sedang sendirian. Pastikan untuk mengasih banyak detail tentang emosi yang dirasakan.,Saya masih ingat momen itu ketika saya duduk di atas jembatan tua di antara tebing. Matanya kuat menatap arus sungai yang deras menghanyutkan kembalinya. Saya sedang mencari ketenangan hati setelah kejadian patah hati. Udara panas menjakir kehidupanku. Seseorang kepercayaan terdekatku memulai berbicara tentang perasaannja yang sama. Rasa takut kehidupan berkegara terus mengurung di hatiku. Saya menghembuskan napas panjang.,fear,1.4,Indonesian,LLAMA_Indonesian
59095f76-a5de-44fe-ad10-2b63f010a3aa,Ceritakan tentang pengalaman terakhir yang membuat seseorang merasakan emosi. Ceritakan secara rinci apa yang terjadi dan bagaimana perasaannya.,"Pada hari Jum'at lalu, saya menghadapi pelajaran bahasa Indonesia kelas tiga SMA. Pak Ramadhan, guru saya, menanyakan pertanyaan tentang soal-soal rumus, yang langsung menyebabkan saya kebingungan.

Perasaan tidak mampu menjawab pertanyaan dengan baik, ditambah dengan rasa malu terus dibayangi. Pak Ramadhan melihat rekan sekaturnya lalu bilang pertanyaan itu tidak terlalu rumit. Saya merasa terpancing dan merasa kalau Pak Ramadhan bilangnya kekelebihan.",fear,1.4,Indonesian,LLAMA_Indonesian
b4a8dc05-532d-47cb-9db9-d9bdc33ee97a,Ceritakan tentang terakhir kali seseorang mengalami sesuatu yang tidak terduga dan membuatnya merasakan emosi. Pastikan untuk mengasih banyak detail tentang emosi yang dirasakan.,"Saya masih ingat saat terakhir kali perjalanan kerjanya terlambat. Awalnya saya merasa terlambat menemui bos, perasaan stres mulai memengkuni. Saya mulai berpikir tentang bagian kerjaan yang belum rampung. Apabila terlambat datang, saya khawatir pengalaman pekerjaan menerus berubah. Rasa takut untuk membawa dampak negatif terus-menerus mengendalikan kehidupannya.",fear,1.4,Indonesian,LLAMA_Indonesian
7c59e898-24f9-4593-ac8c-f69e8ab2c72b,Ceritakan tentang terakhir kali seseorang merasakan emosi pada hari libur. Pastikan untuk mengasih banyak detail tentang emosi yang dirasakan.,"Pagi itu sinar matahari menghangatkan di pantai wisata yang ramai. Tepatnya, aku sedang bersantai di pantai bersama teman-teman. Kami berpakaian santai dan menikmati secangkir kopi panas. Seseorang teman, menceritakan kisah haru tentang pernikahan orang tuanya. Keluarga yang penuh kebahagiaan, semangat yang dibagikan. Aku merasakan hangatnya kerumunan, tawa yang memadati telingaku. Tapi, mataku terbuka leluasa menangkap kilauan cahaya matahari yang pantulan di laut.",happiness,1,Indonesian,LLAMA_Indonesian
56d1d45c-f5b5-463e-bd24-4ecbc07767be,Ceritakan tentang terakhir kali seseorang merasakan emosi pada hari kerja. Pastikan untuk mengasih banyak detail tentang emosi yang dirasakan.,"Saya merasakan emosi semangat yang mengepul saat mencapai hari kerja terakhir. Rasa sabar yang mengiringi minggu-minggu menyelesaikan proyek memudar, digantikan oleh semangat penuh energi.",happiness,1,Indonesian,LLAMA_Indonesian
4178e64f-47a8-4754-88ed-f2e9d9f3d0d7,Ceritakan tentang terakhir kali seseorang mengalami sesuatu yang membuatnya merasakan emosi pada akhir pekan. Pastikan untuk mengasih banyak detail tentang emosi yang dirasakan.,"Malam minggu lalu, aku menghabiskan waktu bersama keluarga menjelang perayaan ulang tahun kakakku. Aku merasa bahagia melihat senyumnya yang lebar saat memotong kue spesial yang kami buat bersama-sama. Tapi, saat melihatnya menyanyikan lagu favoritnya dengan suara yang bergetar, aku merasakan air mata menetes di pipiku.",happiness,1,Indonesian,LLAMA_Indonesian
6a7d1589-cce1-42bf-b46e-c1e61c074182,Ceritakan tentang terakhir kali seseorang merasakan emosi saat anda bersama teman anda. Pastikan untuk mengasih banyak detail tentang emosi yang dirasakan.,"Saya masih ingat saat kami semua berkumpul untuk ulang tahun teman kami yang berbagi cerita tentang impian masa kecilnya. Kebahagiaannya yang tulus membuat saya merasakan kilauan harapan di mata mereka. Namun, ketika kami memulai diskusi tentang perjuangannya, saya merasakan sentuhan kelembutan dari kekhawatan teman saya. Kami semua merasakan empati bersama, merasa terikat dalam ikatan persahabatan yang tulus.",happiness,1,Indonesian,LLAMA_Indonesian
bad54ead-94cb-4405-80b9-fbf763924798,Ceritakan tentang terakhir kali seseorang mengalami sesuatu yang membuatnya merasakan emosi ketika bersama keluarga. Pastikan untuk mengasih banyak detail tentang emosi yang dirasakan.,"Hari liburan Idul Fitri bersama keluarga selalu membawa kehangatan di hatiku. Aku masih ingat perayaan tahun lalu, ketika keluargaku berkumpul di rumah makan tradisional. Seluruh anggota keluargaku tersenyum bersama saat menyantap hidangan lezat. Tapi, perhatianku tercurah kearah nenekku yang tersenyum lebar. Ia membagikan kisah-kisah masa kecil sembari memperlihatkan koleksi foto keluarga tua yang kusimpan dengan baik. Semangat cerita nenekku membawa kehangatan ke rumah kita, membuat aku merasa dilimpahi kegembiraan dan keharmonisan.",happiness,1,Indonesian,LLAMA_Indonesian
742fad95-3b2c-4526-a14d-e1d93694984b,Ceritakan tentang terakhir kali seseorang mengalami sesuatu yang membuatnya merasakan emosi ketika sedang sendirian. Pastikan untuk mengasih banyak detail tentang emosi yang dirasakan.,"Terakhir kali aku merasakan emosi saat sendirian adalah ketika aku sedang duduk bersama pemandangan matahari terbenam di pantai. Rasa bahagia mengalir dalam diriku saat melihat langit merah menyala di ufuk barat. Aku bernapas dalam-dalam, merasakan angin sejuk yang berbisik di antara jari-jari ku. Momen itu membuatku merasakan kedamaian yang dalam dan jauh dari hiruk pikuk kehidupan sehari-hari.",happiness,1,Indonesian,LLAMA_Indonesian
99842907-d4f6-448f-a23d-9b06166e1250,Ceritakan tentang pengalaman terakhir yang membuat seseorang merasakan emosi. Ceritakan secara rinci apa yang terjadi dan bagaimana perasaannya.,"Malam itu, saya terjatuh di perjalanan pulang kerja. Kaki saya terkilir dan luka sedalam menyerpihkan semangatku. Rasa sakit itu langsung memenuhi tubuhku. Perjalanan pulangku harus menurun tangga. Saya berusaha menenangkan diri sambil mendorong lantai. Setitik air mata mengalir di sudut mata.",happiness,1,Indonesian,LLAMA_Indonesian
9f7bfebd-0c9e-4b87-84f6-29043a56b913,Ceritakan tentang terakhir kali seseorang mengalami sesuatu yang tidak terduga dan membuatnya merasakan emosi. Pastikan untuk mengasih banyak detail tentang emosi yang dirasakan.,"Saya masih ingat ketika ayah saya tiba-tiba jatuh sakit dan harus dirawati di rumah sakit. Saya merasakan sedikit kekhawatiran dan cemas tentang kesehatannya. Kejadian ini membuat saya merasa tidak nyaman dan tidak stabil.

Saya merasa ingin menemani ayah saya selama sakitnya. Saya merasakan kebimbangan dalam diri saya.",happiness,1,Indonesian,LLAMA_Indonesian
75ab8be5-c29d-4abb-8650-4d1f30c9e1b9,Ceritakan tentang terakhir kali seseorang merasakan emosi pada hari libur. Pastikan untuk mengasih banyak detail tentang emosi yang dirasakan.,"Pagi itu, aku memulai hari liburku dengan bangku pantai yang menghadap ke arah laut. Angin pagi yang sejuk menyerang wajahku saat matahari terbit mengembuskan kehangatannya. Aku merasakan semangat yang membara di dalam diriku setelah pekerjaan berakhir dengan penuh. Libur hari ini memberikan kesempatan untuk menghabiskan waktu bersama keluarga terkasih.",happiness,1.15,Indonesian,LLAMA_Indonesian
b03216cc-c624-4da4-bd54-d9846d0b98e1,Ceritakan tentang terakhir kali seseorang merasakan emosi pada hari kerja. Pastikan untuk mengasih banyak detail tentang emosi yang dirasakan.,"Hari kerja yang sibuk di kru media ini dimulai dengan semangat pagi yang cerah dan penuh harapan. Setelah sesi pertemuan pagi kami, saya merasa gembira dengan proyek yang kami kerjakan bersama anggota tim. Kami bekerja sama menuangkan ide kreatif kami untuk meningkatkan kualitas konten kami.",happiness,1.15,Indonesian,LLAMA_Indonesian
27566a7d-1dcb-4bf4-b45c-9601378cd3b0,Ceritakan tentang terakhir kali seseorang mengalami sesuatu yang membuatnya merasakan emosi pada akhir pekan. Pastikan untuk mengasih banyak detail tentang emosi yang dirasakan.,"Kehangatan sinar matahari pagi berpadu dengan harum nasi goreng yang memenuhi dapur. Aku menggumamkan kebahagiaan dalam benang sarapan pagi ini bersama keluarga. Aku mengingat adegan ibu yang menyiapkan kumpul keluarga.

Emosi penuh kebahagiaan memenuhi hatiku. Tawa anakku yang berlari kecil di pelukan ayah, tersenyum cerah di wajahnya saat menikmati hidangan bersama keluarga. Cinta yang terjalin dalam setiap piring nasi goreng itu membangun kehangatan hati.",happiness,1.15,Indonesian,LLAMA_Indonesian
d33ae244-6bcf-4dcf-a8a7-518241994e4b,Ceritakan tentang terakhir kali seseorang merasakan emosi saat anda bersama teman anda. Pastikan untuk mengasih banyak detail tentang emosi yang dirasakan.,"Kemarin sore, kami mengadakan acara reuni keluarga di rumah nenek. Kami semua mengungkapkan rasa kebahagiaan dan menikmati hidangan lezat. Saat makan bersama, teman-teman saya berbagi cerita tentang kehidupan masing-masing. Kami tertawa bersama dan merasakan kehangatan kebersamaan.",happiness,1.15,Indonesian,LLAMA_Indonesian
cd406503-20fb-4c17-b8c6-19f3b179ccf3,Ceritakan tentang terakhir kali seseorang mengalami sesuatu yang membuatnya merasakan emosi ketika bersama keluarga. Pastikan untuk mengasih banyak detail tentang emosi yang dirasakan.,"Pertemuan keluarga akbar di hari libur yang panjang itu selalu kental dengan kehangatan emosional. Suasana semangat memenuhi udara saat kami semua berkumpul di rumah. Pertemuan ini menjadi puncak kebahagiaan, diwarnai dengan tawa, obrolan tentang cerita pengalaman tahun lalu, dan pujian manis yang saling diberikan. Aku melihat mata ibu yang berbinar-bibir saat menerima setiap ungkapankasih sayang. Aku merasakan gembirangantulus membara di jantungku saat mendengarkan suara ayah yang murah hati.",happiness,1.15,Indonesian,LLAMA_Indonesian
03167345-e140-48eb-986f-659e04156f83,Ceritakan tentang terakhir kali seseorang mengalami sesuatu yang membuatnya merasakan emosi ketika sedang sendirian. Pastikan untuk mengasih banyak detail tentang emosi yang dirasakan.,"Ketika matahari mulai tenggelam di atas perairan pantai, saya merasakan kehangatan coklat dan aroma laut yang menghantarkan aroma kopi. Angin laut membesarkan wajah saya yang sedang menikmati kopi di taman. Senyum ramah datang dari hati, melihat seorang anak kecil berlari melewati taman, bermain dengan rasa gigitan air manisku.",happiness,1.15,Indonesian,LLAMA_Indonesian
93f68de8-bc7b-46b5-93e3-9490274b2d27,Ceritakan tentang pengalaman terakhir yang membuat seseorang merasakan emosi. Ceritakan secara rinci apa yang terjadi dan bagaimana perasaannya.,"Pengalaman terakhir yang membuat saya merasa emosi adalah hari sabtu pagi dimana saya membantu teman berkeluarga mempersiapkan pernikahan kedua orang tuanya. Saya merasa gembira karena bisa melihat mereka bersatu kembali setelah melalui perjalanan panjang. Tapi, saat saya melihat foto-foto lama yang terpajang di ruangan rapat, saya tidak bisa menahan air mata. Saya ingat momen-momen indah yang telah mereka lalui bersama dan merasa bangga atas keberhasilan mereka menapaki perjalanan hidupnya.",happiness,1.15,Indonesian,LLAMA_Indonesian
f118ccd8-8872-4223-a6c3-5852123c8d27,Ceritakan tentang terakhir kali seseorang mengalami sesuatu yang tidak terduga dan membuatnya merasakan emosi. Pastikan untuk mengasih banyak detail tentang emosi yang dirasakan.,"Pada hari itu, saya mengalami kejadian tak terduga ketika sedang menghadiri upacara pernikahan sahabat tercinta. Saya merasakan gembira yang tulus atas kebahagiaan mereka, namun suasai hari mulai meredup ketika sahabat saya menangis terharu. Kemudian, saya sadari bahwa cincin yang diberikan kepada pengantin wanita adalah cincin yang pernah saya hadiahkan sebagai kenangan masa kecil. Perasaan bingung dan keharuan campuraduk dalam hati saya, membuat air mata mengucur deras.",happiness,1.15,Indonesian,LLAMA_Indonesian
b0583d33-712c-4609-b26e-a870ea03a3cd,Ceritakan tentang terakhir kali seseorang merasakan emosi pada hari libur. Pastikan untuk mengasih banyak detail tentang emosi yang dirasakan.,Pagi hari yang cerah itu memulai dengan pikiran yang gembira mewulangi hari libur. Saya memutuskan untuk mengunjungi pantai bersama keluarga besar. Suara ombak yang menghanyamanjiat telinga adalah pengingat musim panas yang menyenangkan. Kehangatan matahari pagi menghiasai jiwa dengan cahaya terang. Tawa keluarga yang mengisik merasakan hangatnya kebersamaan.,happiness,1.4,Indonesian,LLAMA_Indonesian
ea658a12-9162-40a8-a7ab-9c662a732a89,Ceritakan tentang terakhir kali seseorang merasakan emosi pada hari kerja. Pastikan untuk mengasih banyak detail tentang emosi yang dirasakan.,Selamat pagi! Hari ini saya merasa sangat gembira saat memulai sesi rapat tim. Kami membahas proyek baru yang dinamis dan kami bekerja sama untuk mencapai tujuan. Rasa semangat membantu kami meraih prestasi dalam pengembangan bisnis.,happiness,1.4,Indonesian,LLAMA_Indonesian
b1af05ab-4a96-4ce0-9a95-17add45fa79b,Ceritakan tentang terakhir kali seseorang mengalami sesuatu yang membuatnya merasakan emosi pada akhir pekan. Pastikan untuk mengasih banyak detail tentang emosi yang dirasakan.,Pertemuan keluarga besar yang penuh kegembiraan selalu menyajikan aroma harum rempah-rempah. Suara tawa anak-anak yang bergelak bermain bersama. Suasana hangatnya meja bersantap yang menyambut kehadiran keluarga tercinta.,happiness,1.4,Indonesian,LLAMA_Indonesian
92640397-c43b-4d3a-9019-feff34f62eb7,Ceritakan tentang terakhir kali seseorang merasakan emosi saat anda bersama teman anda. Pastikan untuk mengasih banyak detail tentang emosi yang dirasakan.,Kami membagi cerita kita bersama teman dekatku. Kami mengunjungi desa kami yang terangkat. Kami mengalami hari-hari penuh dengan pelatihan baru dan pengembangan keterampilan timbal. Kami melihat teman-teman kami bekerja sama dengan baik. Kami merayakan kawin keempat. Kami makan malam bersama keluarga. Suami menghidangkan makanan sederhana. Suasanya sangat damai. Kami berbagi cerita dan tawa.,happiness,1.4,Indonesian,LLAMA_Indonesian
3e7c965e-4b46-44b4-810b-ae08275e0b94,Ceritakan tentang terakhir kali seseorang mengalami sesuatu yang membuatnya merasakan emosi ketika bersama keluarga. Pastikan untuk mengasih banyak detail tentang emosi yang dirasakan.,"Hari Minggu pagi, saya menghabiskan waktu makan malam bersama keluarga besar di rumah. Semakin melalui obrolan, suasana menjadi ramah dan membara. Seluruh anggota keluarga terlibat dalam permainan sambungakak. Tawa anak-anak terdengar semangat melalui ruang. Saya merasakan kebahagian dan kehangatan yang tercipta melalui waktu bersama keluarga.",happiness,1.4,Indonesian,LLAMA_Indonesian
23df2a7f-3588-4876-8661-db7a012fab3a,Ceritakan tentang terakhir kali seseorang mengalami sesuatu yang membuatnya merasakan emosi ketika sedang sendirian. Pastikan untuk mengasih banyak detail tentang emosi yang dirasakan.,"Hari-hari kemarin sore ini hujan turun dengan setia mengguyur kota Bandung. Aku menyadari kenyamanan ruangannya dan menghela napas dalam-dalam. Hujan memang memberikan kesempatan yang sempurna untuk merenung.

Kebiasaan mengemukakan permasalahannya dengan Tuhan melalui doa pagi hari. Aku melanggahkan doa harapan ku. Merasa berenergi.",happiness,1.4,Indonesian,LLAMA_Indonesian
ed16fb00-f989-4547-8f30-f70119ae503e,Ceritakan tentang pengalaman terakhir yang membuat seseorang merasakan emosi. Ceritakan secara rinci apa yang terjadi dan bagaimana perasaannya.,"Kemarinnya, aku berbagi pengalamannya dengan teman kuliahku, Lina. Kami berduka bersama atas kepergian ayah Lina yang telah berpulang setelah berjuang melawan penyakit yang panjang.

Kami berdua bekerja sama dalam proyek kelompok. Lina mengalami kesulitan membagikan tanggung jawab saat menyelesaikan tugas.

""Kamu harus membagikan tanggung jawab bersama tim,"" ucapku dengan ramah.

""Pastikan kamu menjaga keterlibatan tim dalam setiap proyek,"" tambah Lina.

Kami berbagi kegiatan belajar sumber daya. Lina menanggapi komentar saya dengan antusias. Kami berbagi pengetahuan dan berjalan menuju tujuan bersama.

Setelah hari ini, teman Anda berbagi kegembiraan kawan Lina yang diterima di universitas tujuanya. Ia berbagi kisah perjalanan bersihnya.",happiness,1.4,Indonesian,LLAMA_Indonesian
6fd837f8-7495-412e-9329-ad342ccdf771,Ceritakan tentang terakhir kali seseorang mengalami sesuatu yang tidak terduga dan membuatnya merasakan emosi. Pastikan untuk mengasih banyak detail tentang emosi yang dirasakan.,"Pagi hari pertama berjalan dengan cerah, matahari menyinari kota yang sibuk. Tantangan harian yang menjadi prioritas utama menuntunku untuk menjalani aktivitas. Setelah perjalanan yang dipenuhi semangat, melihat kinerja yang semangat, perasaan harapan menjadi semakin menumpuk.",happiness,1.4,Indonesian,LLAMA_Indonesian
203a801e-1e31-4c3c-ae59-eb35265246e2,Ceritakan tentang terakhir kali seseorang merasakan emosi pada hari libur. Pastikan untuk mengasih banyak detail tentang emosi yang dirasakan.,"Aku sedih banget, kemarin tadi, hari libur, aku sedih ketika aku melihat teman-teman ku lagi bersenang-senang dan aku sendiri lagi sedih karena aku tidak bisa bergabung dengan mereka. Aku sedih karena aku merasa terpisah dari mereka, aku merasa kesepian dan sedih. Aku hanya bisa menangis dan duduk sendirian di rumah, aku merasa sedih banget.",sadness,1,Indonesian,LLAMA_Indonesian
ae01af79-de20-4006-8a9b-6d0e9121cc5d,Ceritakan tentang terakhir kali seseorang merasakan emosi pada hari kerja. Pastikan untuk mengasih banyak detail tentang emosi yang dirasakan.,"Hari ini, aku merasa sangat sedih. Aku baru saja dipecat dari pekerjaan yang telah aku cintai selama 2 tahun. Aku merasa seperti kehilangan bagian dari diri aku, seperti bagian yang telah hilang. Aku merasa kecewa dan putus asa. Aku tidak tahu apa yang harus aku lakukan sekarang, atau bagaimana aku akan menghadapi hari-hari ke depan. Aku merasa sedih dan sendirian, dan aku merasa tidak ada yang bisa aku lakukan untuk mengubah apa yang telah terjadi.",sadness,1,Indonesian,LLAMA_Indonesian
7e93cc9e-1df6-4e3a-b580-a879a0b7a15f,Ceritakan tentang terakhir kali seseorang mengalami sesuatu yang membuatnya merasakan emosi pada akhir pekan. Pastikan untuk mengasih banyak detail tentang emosi yang dirasakan.,"Aku masih teringat saat aku kehilangan ayahku beberapa tahun yang lalu. Aku sedih sekali, rasanya dunia seketika menjadi gelap dan hampa. Aku merasa kehilangan dan sedih yang sangat dalam. Aku merasa sendirian dan tidak ada yang bisa menggantikan kehilangan itu. Aku menangis hampir sepanjang hari, merasa sedih dan kehilangan yang sangat dalam. Aku merasa tidak bisa melakukan apa-apa dan hanya bisa menangis dan merasa sedih.",sadness,1,Indonesian,LLAMA_Indonesian
9d121c6a-a426-4369-a3a8-117a4660ae51,Ceritakan tentang terakhir kali seseorang merasakan emosi saat anda bersama teman anda. Pastikan untuk mengasih banyak detail tentang emosi yang dirasakan.,"Aku masih ingat saat itu, waktu itu aku dan teman-teman lagi nangis di bioskop karena sedih menangis nonton film yang sedih banget. Aku nangis terus, rasanya sedih banget, aku merasa sedih banget dan aku merasa terharu banget. Aku nangis sampai tidak bisa ngomong, aku hanya bisa menangis dan merasa sedih. Aku merasa sedih banget dan aku merasa sendirian.",sadness,1,Indonesian,LLAMA_Indonesian
de11cc5b-10f6-45df-bde0-b7fd95275ec9,Ceritakan tentang terakhir kali seseorang mengalami sesuatu yang membuatnya merasakan emosi ketika bersama keluarga. Pastikan untuk mengasih banyak detail tentang emosi yang dirasakan.,"Kenangan itu masih terasa sangat jelas. Itu adalah hari libur lebaran, saya sedang bersama keluarga di rumah nenek. Saya baru saja kehilangan kucing kesayangan saya, dan saya merasa sangat sedih. Saya tidak bisa menahan air mata saat melihat keluarga saya sedih. Mereka mencoba untuk menghibur saya, tapi saya masih merasa sangat sedih. Saya merasa seperti sedang di antara dua dunia, antara kesedihan dan kehilangan yang mendalam.",sadness,1,Indonesian,LLAMA_Indonesian
0740d97c-fc3a-4e6e-a4f6-56af291783c2,Ceritakan tentang terakhir kali seseorang mengalami sesuatu yang membuatnya merasakan emosi ketika sedang sendirian. Pastikan untuk mengasih banyak detail tentang emosi yang dirasakan.,"Aku masih ingat saat itu, aku sedih banget. Aku sedih karena aku baru saja putus dari pacar aku. Aku sendirian di rumah, aku merasa sedih banget, aku merasa sakit hati, aku merasa kecewa, dan aku merasa sendirian. Aku merasa aku kehilangan orang yang aku cinta. Aku merasa sedih banget, aku tidak bisa tidur, aku hanya bisa menangis dan merasa sedih. Aku merasa seperti aku tidak bisa melanjutkan hidup tanpa dia. Aku merasa sangat sedih, aku merasa seperti aku kehilangan segalanya.",sadness,1,Indonesian,LLAMA_Indonesian
1da6b7d6-4671-4f55-8e83-20702e3a5101,Ceritakan tentang pengalaman terakhir yang membuat seseorang merasakan emosi. Ceritakan secara rinci apa yang terjadi dan bagaimana perasaannya.,Hari ini aku baru saja kehilangan seekor anjing kesayanganku. Aku sangat sedih karena aku merasa seperti kehilangan seorang anggota keluarga. Aku masih belum bisa menerima kenyataan bahwa dia tidak akan pernah lagi ada di sampingku lagi. Aku merasa sangat hampa dan sedih sekali. Aku tidak tahu bagaimana aku bisa menghilangkan rasa ini.,sadness,1,Indonesian,LLAMA_Indonesian
2d968ac0-6842-4708-839b-bb169651a00a,Ceritakan tentang terakhir kali seseorang mengalami sesuatu yang tidak terduga dan membuatnya merasakan emosi. Pastikan untuk mengasih banyak detail tentang emosi yang dirasakan.,"Aku masih ingat saat itu, saat aku sedang berduka karena kehilangan nenek. Aku sangat sedih dan merasa sangat kesepian. Aku ingat aku menangis dan merasa seperti tidak ada yang bisa aku lakukan untuk membuatnya kembali. Aku merasa sangat kehilangan dan sedih, rasanya seperti ada lubang besar di hatiku. Aku merasa sendirian dan tidak tahu apa yang harus aku lakukan. Aku merasa sangat sedih dan kesepian.",sadness,1,Indonesian,LLAMA_Indonesian
44646119-364d-4e2d-ac7c-163c8f055265,Ceritakan tentang terakhir kali seseorang merasakan emosi pada hari libur. Pastikan untuk mengasih banyak detail tentang emosi yang dirasakan.,"Hari libur ini terasa hampa. Aku sedih karena kehilangan seseorang yang sangat aku sayang. Aku merasa sangat sendirian dan kesepian. Aku berharap dia bisa kembali, tapi aku tahu itu tidak mungkin. Aku merasa sedih, sedih, dan sedih. Aku merasa tidak bisa berbuat apa-apa. Aku hanya bisa menangis dan merasa sangat sedih.",sadness,1.15,Indonesian,LLAMA_Indonesian
20a84a1a-5cc2-4979-96f8-236c23496355,Ceritakan tentang terakhir kali seseorang merasakan emosi pada hari kerja. Pastikan untuk mengasih banyak detail tentang emosi yang dirasakan.,"Hari ini, aku merasa sangat sedih dan terluka. Aku baru saja kehilangan seseorang yang sangat dekat denganku, dan aku merasa sangat kesepian. Aku tidak bisa menahan air mata ketika aku berpikir tentang dia, dan aku merasa seperti aku tidak bisa bernapas. Aku merasa begitu kosong dan sendirian, dan aku tidak tahu apa yang harus aku lakukan. Aku hanya ingin dia kembali, tapi aku tahu itu tidak mungkin. Aku hanya bisa menangis dan merasa sangat sedih.",sadness,1.15,Indonesian,LLAMA_Indonesian
bff6c651-5307-4e6e-a4d4-52eddad8d07d,Ceritakan tentang terakhir kali seseorang mengalami sesuatu yang membuatnya merasakan emosi pada akhir pekan. Pastikan untuk mengasih banyak detail tentang emosi yang dirasakan.,"Terakhir kali aku merasa sedih dan hampa, aku baru saja kehilangan adikku. Aku merasa seperti ada bagian dari diriku yang hilang. Aku merasa sangat kehilangan dan sedih, aku merasa seperti aku tidak bisa bernapas, dan aku merasa ingin menangis. Aku merasa sedih dan hampa dan aku tidak tahu apa yang harus aku lakukan. Aku merasa sedih dan hampa dan aku ingin menangis. Aku merasa sedih dan hampa, dan aku merasa seperti aku tidak bisa bernapas.  Aku merasa sedih dan hampa, dan aku merasa seperti aku tidak bisa bernapas. Aku merasa sedih dan hampa, dan aku merasa seperti aku tidak bisa bernapas. Aku merasa sedih dan hampa, dan aku merasa seperti aku tidak bisa bernapas. Aku merasa sedih dan hampa, dan aku merasa seperti aku tidak bisa bernapas. Aku merasa sedih dan hampa, dan aku merasa seperti aku tidak bisa bernapas. Aku merasa sedih dan hampa, dan aku merasa seperti aku tidak bisa",sadness,1.15,Indonesian,LLAMA_Indonesian
d6adf76e-1e51-43f5-abbb-aa5135aa0f46,Ceritakan tentang terakhir kali seseorang merasakan emosi saat anda bersama teman anda. Pastikan untuk mengasih banyak detail tentang emosi yang dirasakan.,"Aku terakhir kali merasa sedih saat aku dan teman-teman lagi nangis karena film yang lagi kita tonton. Filmnya tentang kisah cinta yang tragis dan aku merasa sedih banget karena aku bisa merasa banget sama dengan perasaan di film itu. Aku nangis sampe sakit tenggorokan, tapi aku terus nangis karena aku merasa sedih banget. Aku nangis karena aku sedih banget dan aku terus mikir tentang film itu dan aku nangis lagi. Aku nangis lagi dan lagi dan lagi. Aku cuma bisa nangis dan terus nangis. Aku merasa sedih banget dan aku merasa sedih banget. Aku merasa sedih banget dan aku nangis.",sadness,1.15,Indonesian,LLAMA_Indonesian
050869bb-416b-4b5c-b932-224584900bc4,Ceritakan tentang terakhir kali seseorang mengalami sesuatu yang membuatnya merasakan emosi ketika bersama keluarga. Pastikan untuk mengasih banyak detail tentang emosi yang dirasakan.,"Aku masih ingat saat itu, saat aku dan keluarga sedang makan malam bersama, tapi aku sedih karena aku baru saja diterima tidak lulus di universitas impian ku. Aku merasa sangat sedih dan kecewa, aku terus menangis, aku takut tidak bisa mewujudkan mimpi ku. Rasa sedih dan kekecewaan itu terasa sangat dalam, aku merasa seperti sedih sekali, rasanya seperti dunia berdua sedih sekali. Aku merasa tidak bisa ngelihat wajah orang tua ku, aku takut mereka juga sedih. Tapi mereka tetap tenang dan mencoba untuk menenangkan aku, mereka bilang ""jangan sedih, masih banyak kesempatan lain dan kamu masih muda, masih banyak waktu untuk mewujudkan mimpi mu"". Aku sedih tapi aku juga sedih karena sedih dan kecewa.",sadness,1.15,Indonesian,LLAMA_Indonesian
a75a7794-7f0f-458f-93ae-6a1b06b4ea15,Ceritakan tentang terakhir kali seseorang mengalami sesuatu yang membuatnya merasakan emosi ketika sedang sendirian. Pastikan untuk mengasih banyak detail tentang emosi yang dirasakan.,"Aku masih ingat saat itu, aku sedih banget. Aku kehilanngan seseorang yang aku cinta, aku merasa sangat kesepian dan hampa. Aku sedih banget, aku merasa seperti tidak bisa bernapas, aku merasa seperti semua ini tidak adil, aku merasa aku tidak bisa lagi, aku merasa sedih banget, aku tidak tahu apa yang harus aku lakukan, aku merasa sepi banget. Aku menangis, aku merasa sedih banget. Aku merasa sedih banget, aku merasa sedih banget, aku merasa sedih banget. Aku merasa sedih banget, aku merasa sedih banget, aku merasa sedih banget. Aku merasa sedih banget, aku merasa sedih banget. Aku merasa sedih banget, aku merasa sedih banget, aku merasa sedih banget. Aku merasa sedih banget, aku merasa sedih banget, aku merasa sedih banget, aku merasa sedih banget. Aku merasa sedih banget, aku",sadness,1.15,Indonesian,LLAMA_Indonesian
b7802b9c-f936-45d4-b660-06a0e64e6778,Ceritakan tentang pengalaman terakhir yang membuat seseorang merasakan emosi. Ceritakan secara rinci apa yang terjadi dan bagaimana perasaannya.,"Aku baru saja kehilangan teman dekatku. Kami sudah berteman sejak SD, tapi dia baru saja pindah ke luar kota karena kuliah. Aku merasa sangat sedih dan kehilangan. Kami sudah sangat dekat, sering ngobrol dan berbagi banyak hal. Aku merasa sedih karena harus kehilangan seseorang yang sangat spesial. Aku ingin menangis, tapi aku tidak bisa karena aku harus kuat untuknya. Aku hanya bisa berharap dia bahagia di tempat barunya dan aku berharap bisa bertemu lagi dengannya suatu hari nanti.",sadness,1.15,Indonesian,LLAMA_Indonesian
c03a651d-9a69-4d81-9985-327fcc34488f,Ceritakan tentang terakhir kali seseorang mengalami sesuatu yang tidak terduga dan membuatnya merasakan emosi. Pastikan untuk mengasih banyak detail tentang emosi yang dirasakan.,"Aku masih ingat saat itu, aku masih kecil, mungkin 7 atau 8 tahun. Aku kehilangan ayahku tiba-tiba, tanpa ada peringatan. Aku merasa sangat sedih, sangat sedih sekali. Aku merasa seperti ada bagian dari hatiku yang hilang, dan aku tidak tahu bagaimana rasanya. Aku merasa sangat kesepian, dan aku hanya bisa menangis. Aku merasa sangat sedih dan kehilangan. Aku masih ingat saat itu, masih sangat sedih.",sadness,1.15,Indonesian,LLAMA_Indonesian
dc751edd-7814-450b-86c4-f4601ee7fa57,Ceritakan tentang terakhir kali seseorang merasakan emosi pada hari libur. Pastikan untuk mengasih banyak detail tentang emosi yang dirasakan.,"Aku masih teringat hari itu, saat aku menangis saat liburan. Aku sedih karena aku harus meninggalkan teman-teman dan kehilan karena aku harus kembali ke kota setelah liburan singkat. Aku merasa sedih karena aku tidak bisa lagi bersama mereka, dan aku merasa kesepian dan sendiri. Aku merasa sedih dan sedih banget. Aku masih belum bisa move on dari kehilan ini.",sadness,1.4,Indonesian,LLAMA_Indonesian
605fa516-0e46-4934-88d0-466365c3f073,Ceritakan tentang terakhir kali seseorang merasakan emosi pada hari kerja. Pastikan untuk mengasih banyak detail tentang emosi yang dirasakan.,"Hari ini, aku merasa sedih dan kehilangan. Aku baru saja kehilan kan seseorang yang sangat aku sayang, dan aku merasa sangat sedih dan kehilan. Aku merasa sendirian dan tidak ada yang bisa mendoa kan aku. Aku merasa sangat sedih dan terluka. Aku ingin sekali bisa berada di sampingnya, tapi aku tidak bisa. Aku merasa sangat sedih dan kehilan. Aku merasa seperti semua harapan dan kegembiraan hilang. Aku merasa sangat sedih dan kehilan. Aku tidak tahu apa yang harus aku lakukan atau apa yang harus aku rasakan. Aku hanya bisa menangis dan merasa sangat sedih. Aku tidak tahu apa yang akan terjadi selanjutnya. Aku merasa sangat sedih dan kehilan.",sadness,1.4,Indonesian,LLAMA_Indonesian
27d6fd22-92f9-4e5f-852a-5ff95c299a80,Ceritakan tentang terakhir kali seseorang mengalami sesuatu yang membuatnya merasakan emosi pada akhir pekan. Pastikan untuk mengasih banyak detail tentang emosi yang dirasakan.,Aku masih ingat ketika aku terakhir merasa begitu sedih. Itu karena aku kehilan karena kehilan karena aku kehilan karena aku kehilan karena aku kehilan karena aku kehilan karena aku kehilan karena aku kehilan karena aku kehilan karena aku kehilan karena aku kehilan karena aku kehilan karena aku kehilan karena aku kehilan karena aku kehilan karena aku kehilan karena aku kehilan karena aku kehilan karena aku kehilan karena aku kehilan karena aku kehilan karena aku kehilan karena aku kehilan karena aku kehilan karena aku kehilan karena aku kehilan karena aku kehilan karena aku kehilan karena aku kehilan karena aku kehilan karena aku kehilan karena aku kehilan karena aku kehilan karena aku kehilan karena aku kehilan karena aku kehilan karena aku kehilan karena aku kehilan karena aku kehilan karena aku kehilan karena aku kehilan karena aku kehilan karena aku kehilan karena aku kehilan karena aku kehilan karena aku kehilan karena aku,sadness,1.4,Indonesian,LLAMA_Indonesian
41cf8b40-e232-40fe-9470-75676bbfff6f,Ceritakan tentang terakhir kali seseorang merasakan emosi saat anda bersama teman anda. Pastikan untuk mengasih banyak detail tentang emosi yang dirasakan.,"Saat itu, aku baru saja kehilan kehilan karena tidak bisa jadi bagian dari perpisahan teman ku karena aku lagi sakit dan tidak bisa ikut.  Aku merasa sedih banget, aku menangis karena aku tidak bisa ikut dan rasanya sedih banget aku sendirian dan sedih banget karena aku tidak bisa ngeliat teman ku lagi.",sadness,1.4,Indonesian,LLAMA_Indonesian
1d789852-b8f8-4e14-b84f-e7d3abff1971,Ceritakan tentang terakhir kali seseorang mengalami sesuatu yang membuatnya merasakan emosi ketika bersama keluarga. Pastikan untuk mengasih banyak detail tentang emosi yang dirasakan.,"Aku masih ingat, beberapa bulan lalu. Ibu sedih karena ayah sakit, dan aku tidak bisa melihatnya lagi. Aku merasa sedih dan sangat kehilangan. Aku hanya bisa menangis dan merasa bersalah karena tidak bisa membantu. Aku hanya bisa mendengar ibu menangis dan aku tidak bisa menenangkan dia. Aku merasa sangat sedih dan kehilan, aku hanya bisa menangis dan merasa tidak bisa berbuat apa-apa. Aku merasa sangat sedih dan kehilan.",sadness,1.4,Indonesian,LLAMA_Indonesian
f5dc4152-3458-480f-a022-823194af032c,Ceritakan tentang terakhir kali seseorang mengalami sesuatu yang membuatnya merasakan emosi ketika sedang sendirian. Pastikan untuk mengasih banyak detail tentang emosi yang dirasakan.,"Aku terakhir kali merasa sangat sedih ketika aku mengetah diunggahnya foto teman yang sedang menangis. Kami baru saja kehilan, dan aku merasa sedih karena aku tidak bisa menghiburnya. Aku merasa sedih, tapi aku juga merasa bersalah karena aku tidak bisa berada di sana untuknya. Aku hanya bisa berada di sini, sedih dan sendirian, sementara dia sedih di sana. Aku merasa sedih dan sendirian, dan aku merasa tidak bisa melakukan apa-apa untuk menghiburnya. Aku hanya bisa menangis sendirian.",sadness,1.4,Indonesian,LLAMA_Indonesian
edf80577-d0c0-4760-9a7e-04a6d8326e94,Ceritakan tentang pengalaman terakhir yang membuat seseorang merasakan emosi. Ceritakan secara rinci apa yang terjadi dan bagaimana perasaannya.,"Aku masih ingat betul saat itu, aku baru saja kehilanngan sebuah orang yang sangat dekat dengan aku, rasanya aku merasa sangat sedih, aku terus menangis dan tidak bisa tidur beberapa hari. Aku merasa sedih, merasa kehilanngan, dan merasa takut karena aku tidak tahu apa yang akan terjadi selanjutnya. Aku merasa sendirii dan merasa sedih karena aku tidak bisa melihat lagi orang yang sangat dekat dengan aku.",sadness,1.4,Indonesian,LLAMA_Indonesian
0fac2380-590a-4d2a-a06c-dd960c9ab123,Ceritakan tentang terakhir kali seseorang mengalami sesuatu yang tidak terduga dan membuatnya merasakan emosi. Pastikan untuk mengasih banyak detail tentang emosi yang dirasakan.,"Terakhir kali aku merasakan sesu tidak terduga dan sakit itu ketika aku kehilan nenek. Aku merasa sedih dan kehilan banget. Aku masih inget pas dulu, aku lagi sendirian di rumah, tiba-tiba aku menerima telepon dari ibu, bilang nenek sudah meninggal. Aku langsung nangis, rasanya sakit banget, aku merasa sedih banget, aku dengerin lagu yg sedih, rasanya aku kehilan banget, aku nangis, aku rasanya sedih banget, aku mikir, kenapa, kenapa, kenapa, aku kehilan banget, aku mikir, kenapa, kenapa, kenapa, aku kehilan banget, aku sedih banget, aku kehilan banget, aku sedih banget, aku kehilan banget, aku sedih banget, aku kehilan banget, aku sedih banget, aku kehilan banget, aku sedih banget, aku kehilan banget, aku sedih banget, aku kehilan banget",sadness,1.4,Indonesian,LLAMA_Indonesian
c4cffa47-0e31-44bc-a49d-84290e959f71,Ceritakan tentang terakhir kali seseorang merasakan emosi pada hari libur. Pastikan untuk mengasih banyak detail tentang emosi yang dirasakan.,"Aku masih ingat hari itu, saat aku dan teman-teman pergi ke pantai untuk liburan. Kami berenang, bermain, dan menikmati sinar matahari. Tapi, saat aku sedang berenang, aku merasakan sesuatu yang aneh. Aku merasa sedih dan sedikit cemas. Aku tidak tahu kenapa, tapi aku merasa seperti ada sesuatu yang salah. Mungkin karena aku merindu rumah dan keluarga, atau mungkin karena aku merasa tidak nyaman dengan suasana di pantai yang ramai. Aku tidak tahu, tapi aku hanya bisa merasakan bahwa itu adalah hari yang sangat berat dan aku hanya ingin pulang ke rumah.",love,1,Indonesian,LLAMA_Indonesian
8926ab56-46fb-49f6-85ad-8eef6c93a509,Ceritakan tentang terakhir kali seseorang merasakan emosi pada hari kerja. Pastikan untuk mengasih banyak detail tentang emosi yang dirasakan.,"Hari itu adalah hari Jumat, dan aku sedang sibuk banget di kantor. Aku baru saja menerima proyek besar yang sangat menantang, dan aku merasa sangat stres karena harus menyelesaikannya dalam waktu yang sangat singkat. Aku merasa sangat tertekan dan khawatir bahwa aku tidak akan bisa menyelesaikan proyek ini tepat waktu. Aku juga merasa sedikit marah karena atasan aku yang selalu meminta perhatian dan perhatian yang tidak masuk akal, dan aku merasa tidak dihargai. Aku juga merasa sedikit sedih karena aku merasa kesepian dan tidak memiliki teman di kantor. Aku hanya ingin pulang ke rumah dan melepas semua beban ini, tapi aku tahu aku tidak bisa, karena aku masih harus menyelesaikan proyek ini. Aku merasa sangat lelah dan tidak tahu apa yang harus aku lakukan. Aku hanya bisa berharap bahwa aku bisa menyelesaikan proyek ini dan bisa menenangkan pikiran dan hati aku.",love,1,Indonesian,LLAMA_Indonesian
ef4a44e3-a0d0-42a9-b9cd-49ecd6707ec8,Ceritakan tentang terakhir kali seseorang mengalami sesuatu yang membuatnya merasakan emosi pada akhir pekan. Pastikan untuk mengasih banyak detail tentang emosi yang dirasakan.,"Pada hari Sabtu, aku baru saja menonton film favoritku dengan teman-teman. Saat itu, aku merasa sangat bahagia dan bahkan sedikit terharu. Film itu sangat menyentuh dan membuat aku merasa sangat terharu. Aku juga merasa sangat senang karena bisa menonton film itu bersama teman-teman. Aku merasa sangat bahagia dan puas.",love,1,Indonesian,LLAMA_Indonesian
06d3d6b3-67e4-4b3d-9a54-c7e675f97bd5,Ceritakan tentang terakhir kali seseorang merasakan emosi saat anda bersama teman anda. Pastikan untuk mengasih banyak detail tentang emosi yang dirasakan.,"Saya masih ingat saat itu, kita berempat, teman-teman dari SMA, pergi ke pantai di akhir pekan. Kita berenang, bermain, dan tertawa bersama. Tapi, ketika matahari mulai terbenam, kita duduk di atas pasir, menonton langit yang berwarna oranye dan ungu. Saya merasa sangat bahagia, bahkan mungkin, gembira. Rasanya seperti semua kekhawatiran dan stres hilang, dan hanya ada kebahagiaan dan kebersamaan. Itu adalah salah satu momen yang paling bahagia dan menyenangkan yang saya rasakan, dan saya masih ingat sangat jelas tentang itu.",love,1,Indonesian,LLAMA_Indonesian
49322056-ba7a-4cdd-8693-ea54cd06609c,Ceritakan tentang terakhir kali seseorang mengalami sesuatu yang membuatnya merasakan emosi ketika bersama keluarga. Pastikan untuk mengasih banyak detail tentang emosi yang dirasakan.,"Saya masih ingat, beberapa bulan yang lalu, saat saya dan keluarga pergi ke pantai untuk liburan. Saya sangat senang karena bisa menghabiskan waktu bersama orang-orang yang saya cintai. Saat itu, saya dan adik saya berlomba-lomba untuk melihat siapa yang bisa berenang paling jauh, dan saya sangat gembira saat saya berhasil melihat adik saya tersenyum dan tertawa karena saya berhasil mengejar dan mengalahkannya. Saya merasa sangat bahagia dan bangga, dan itu adalah salah satu momen yang sangat berkesan bagi saya.",love,1,Indonesian,LLAMA_Indonesian
9599a172-7939-49cb-80d0-6728a1d23a10,Ceritakan tentang terakhir kali seseorang mengalami sesuatu yang membuatnya merasakan emosi ketika sedang sendirian. Pastikan untuk mengasih banyak detail tentang emosi yang dirasakan.,"Saya masih ingat saat itu, saat saya sedang sendirian di rumah, tidak ada siapa-siapa selain saya. Saya sedang duduk di teras, menatap langit yang gelap dan penuh bintang. Tiba-tiba, saya teringat akan sebuah kenangan yang sangat penting bagi saya, sebuah kenangan yang membuat saya merasa sangat bahagia dan sedih pada saat yang sama.

Kenangan itu adalah saat saya masih kecil, saat saya masih tinggal bersama keluarga di desa. Saya ingat saat itu, saya dan keluarga saya sedang bermain di sawah, menangkap ikan dan bermain petak umpet. Saya ingat saat itu, saya merasa sangat bahagia dan bebas, tidak ada beban apa pun. Tapi, saat itu juga, saya merasa sedih karena saya tahu bahwa itu adalah hari terakhir saya bersama keluarga di desa, karena saya harus pindah ke kota untuk sekolah.

Saat itu, saya merasa sangat bingung dan sedih, karena saya tidak tahu apa yang akan terjadi",love,1,Indonesian,LLAMA_Indonesian
855654d4-ffcb-4729-9e99-315e4065b599,Ceritakan tentang pengalaman terakhir yang membuat seseorang merasakan emosi. Ceritakan secara rinci apa yang terjadi dan bagaimana perasaannya.,"Aku masih ingat ketika aku baru saja lulus dari kuliah dan mendapatkan pekerjaan di sebuah perusahaan besar. Aku sangat bahagia dan bersemangat, aku merasa seperti semua usahaku selama ini tidak sia-sia. Aku merasa bangga dan percaya diri, aku tahu bahwa aku bisa dan bisa melakukan hal-hal besar. Aku merasa seperti bisa mengejar semua impian dan cita-citaku. Aku merasa sangat bahagia dan tidak sabar untuk memulai karir baru aku.",love,1,Indonesian,LLAMA_Indonesian
904eb89d-c483-44ea-bfe1-050d924642f0,Ceritakan tentang terakhir kali seseorang mengalami sesuatu yang tidak terduga dan membuatnya merasakan emosi. Pastikan untuk mengasih banyak detail tentang emosi yang dirasakan.,"Aku masih ingat saat itu, aku baru saja lulus dari kuliah dan mendapat tawaran kerja di sebuah perusahaan besar di Jakarta. Aku sangat senang dan bahagia, tapi saat itulah aku mengalami sesuatu yang tidak terduga. Aku kehilangan dompet dan semua uang dan dokumen pentingku ada di dalamnya. Aku merasa sangat cemas, khawatir, dan frustrasi. Aku khawatir tidak bisa melanjutkan kuliah dan tidak bisa membayari biaya kuliah adikku. Aku juga merasa sangat malu dan tidak tahu harus berbuat apa. Aku merasa sangat sedih dan tidak bisa tidur karena khawatir dan cemas.",love,1,Indonesian,LLAMA_Indonesian
af811625-6186-4328-9669-97617114616c,Ceritakan tentang terakhir kali seseorang merasakan emosi pada hari libur. Pastikan untuk mengasih banyak detail tentang emosi yang dirasakan.,"Aku masih ingat, itu beberapa bulan yang lalu, saat aku dan teman-teman aku pergi ke pantai saat libur panjang. Kami berenang, bermain, dan berjemur di bawah sinar matahari. Saat itulah aku merasakan kebahagiaan yang luar biasa, aku merasa bebas dan bahagia. Aku juga merasakan rasa bahagia dan rasa syukur karena aku bisa bersama dengan teman-teman dan menikmati waktu libur. Dan aku juga merasa sedikit sedih karena libur sudah habis dan aku harus kembali ke rutinitas harian.",love,1.15,Indonesian,LLAMA_Indonesian
addcc0e7-39b4-4af4-a036-41a32130d690,Ceritakan tentang terakhir kali seseorang merasakan emosi pada hari kerja. Pastikan untuk mengasih banyak detail tentang emosi yang dirasakan.,"Hari itu, aku merasa sangat stres dan frustrasi karena deadline pekerjaan yang semakin mendekat. Aku merasa tertekan karena aku tidak bisa menyelesaikan tugas-tugas yang diberikan oleh atasan. Aku juga merasa sedih karena aku merasa tidak bisa memuaskan atasan dan khawatir bahwa aku akan kehilangan pekerjaan. Aku merasa sangat tidak percaya pada diri sendiri dan merasa bahwa aku tidak cukup baik. Aku merasa sangat lelah dan ingin menangis, tapi aku tidak bisa karena aku harus tetap tenang dan fokus untuk menyelesaikan pekerjaan. Aku merasa bahwa aku tidak bisa mengendalikan emosi dan merasa sangat tidak nyaman.",love,1.15,Indonesian,LLAMA_Indonesian
dcb1d3ee-17a7-49dc-9850-f93003e0370f,Ceritakan tentang terakhir kali seseorang mengalami sesuatu yang membuatnya merasakan emosi pada akhir pekan. Pastikan untuk mengasih banyak detail tentang emosi yang dirasakan.,"Akhir pekan lalu, aku mengalami sesu  saat aku menonton film favoritku. Saat aku menonton, aku merasakan emosi yang sangat kuat, dari sedih, bahkan sampai sangat bahagia. Saat adegan yang paling emosional, aku tidak bisa menahan air mata, dan aku merasa sangat sedih dan sedikit marah. Setelah itu, saat adegan yang sangat bahagia, aku merasa sangat bahagia dan bahkan sampai nangis lagi. Aku merasa sangat emosional dan sangat terharu, dan itu sangat menyenangkan.",love,1.15,Indonesian,LLAMA_Indonesian
39f64401-a97b-4681-aa86-3f5df7712e6c,Ceritakan tentang terakhir kali seseorang merasakan emosi saat anda bersama teman anda. Pastikan untuk mengasih banyak detail tentang emosi yang dirasakan.,"""Aku masih ingat saat itu, aku dan teman-teman aku lagi nonton film di bioskop. Filmnya romantis banget dan aku dan teman-akku, Rani, sama-sama nangis. Aku merasa sangat bahagia dan sedih sekaligus, karena aku dan Rani, kita sudah seperti saudara dan aku merasa sangat bahagia bisa memiliki teman seperti dia. Tapi, aku juga sedih karena aku tidak tahu kapan kita bisa nonton film lagi bareng dan aku khawatir kalau kita akan berpisah karena kita berbeda jurusan di universitas.""",love,1.15,Indonesian,LLAMA_Indonesian
4f99be2e-e043-4bc3-8d33-02ca7c187b11,Ceritakan tentang terakhir kali seseorang mengalami sesuatu yang membuatnya merasakan emosi ketika bersama keluarga. Pastikan untuk mengasih banyak detail tentang emosi yang dirasakan.,"Terakhir kali aku merasa sangat bahagia dan bangga saat aku dan keluarga pergi ke pantai bersama. Aku masih ingat betul saat itu, aku dan keluarga aku semua sangat bahagia dan bersenang-senang, aku dan kakakku berlari-lari di pasir, sementara ibu dan ayah aku duduk di bawah payung, menikmati makanan dan minuman. Aku merasa sangat bahagia dan bangga karena aku bisa berbagi waktu yang bahagia dengan keluarga aku. Aku merasa seperti aku memiliki segalanya dan tidak ada yang bisa membuatku lebih bahagia dari itu.",love,1.15,Indonesian,LLAMA_Indonesian
5b3747be-a3c3-40f9-92e7-f05c1b3058af,Ceritakan tentang terakhir kali seseorang mengalami sesuatu yang membuatnya merasakan emosi ketika sedang sendirian. Pastikan untuk mengasih banyak detail tentang emosi yang dirasakan.,"Saya masih ingat, itu beberapa bulan yang lalu. Saya sedang berada di sebuah taman, duduk di bangku, dan tiba-tiba, saya mendengar lagu favorit saya. Saya jadi teringat pada masa lalu, pada saat saya masih kecil, saat saya dan teman-teman sering bermain di taman itu. Saya merasa sedih dan nostalgia, dan air mata pun mulai mengalir. Saya merasa sangat sendirian, tapi juga sangat bahagia karena kenangan itu. Saya merasa sangat emosional, dan saya tidak bisa menahan air mata. Saya merasa sangat sendirian, tapi juga sangat bahagia karena kenangan itu. Saya merasa sangat emosional, dan saya tidak bisa menahan air mata. Saya merasa sangat sendirian, tapi juga sangat bahagia karena kenangan itu. Saya merasa sangat emosional, dan saya tidak bisa menahan air mata. Saya merasa sangat sendirian, tapi juga sangat bahagia karena kenangan itu. Saya merasa sangat emosional, dan saya tidak bisa",love,1.15,Indonesian,LLAMA_Indonesian
8b6fc48c-b1de-4dc2-b3a2-356b2bd56739,Ceritakan tentang pengalaman terakhir yang membuat seseorang merasakan emosi. Ceritakan secara rinci apa yang terjadi dan bagaimana perasaannya.,"Saya masih ingat saat itu, saya baru saja lulus dari kuliah dan sedang mencari pekerjaan. Saya sangat berharap bisa mendapatkan pekerjaan yang sesuai dengan passion saya. Suatu hari, saya menerima telepon dari perusahaan impian saya, dan mereka ingin mengundang saya untuk wawancara. Saya sangat gembira dan tidak bisa tidur semalaman karena begitu berharap bisa mendapatkan pekerjaan itu. Saat wawancara, saya merasa sangat percaya diri dan yakin bahwa saya akan mendapatkan pekerjaan itu. Namun, beberapa hari kemudian, saya menerima email yang menyebutkan bahwa saya tidak lolos. Saya sangat kecewa dan sedih, dan saya merasa seperti semua harapan dan impian saya hancur. Saya merasa sangat sedih dan kecewa, dan saya tidak tahu apa yang harus saya lakukan selanjutnya.",love,1.15,Indonesian,LLAMA_Indonesian
083eaaa9-f243-4328-927e-eba7e1fbfa24,Ceritakan tentang terakhir kali seseorang mengalami sesuatu yang tidak terduga dan membuatnya merasakan emosi. Pastikan untuk mengasih banyak detail tentang emosi yang dirasakan.,"Saya masih ingat betul ketika terakhir kali saya merasakan emosi yang sangat kuat. Itu saat saya baru saja lulus dari SMA dan sedang menunggu hasil nilai UN (Ujian Nasional). Saya sangat berharap bisa diterima di universitas impian saya, tapi saya juga sangat khawatir jika tidak lolos. Saat itu, saya merasa sangat gugup dan tidak sabar menunggu hasilnya. Ketika nama saya finally muncul di layar, saya sangat lega dan bahkan tidak percaya bahwa saya berhasil lolos. Saya merasakan campuran emosi, antara lega, bahagia, dan bahkan sedikit menangis, karena saya sangat bahagia dan tidak percaya bahwa saya bisa mencapai impian saya.",love,1.15,Indonesian,LLAMA_Indonesian
bae6e081-0963-43cb-92e5-01ef3eb5e431,Ceritakan tentang terakhir kali seseorang merasakan emosi pada hari libur. Pastikan untuk mengasih banyak detail tentang emosi yang dirasakan.,"Saya masih ingat, beberapa bulan yang lalu, saya merasa sangat bahagia dan bahkan, mungkin, bahagia sekali saat liburan musim panas. Saya dan teman-  saya pergi ke pantai dan kami bermain di laut, berenang dan bermain pasir. Saya merasa sangat bahagia dan bebas, seperti anak kecil lagi. Saya juga merasa sangat bahagia karena saya bisa bermain dengan teman-teman dan bersenang-  senang dengan mereka. Saya merasa sangat bahagia dan bahkan, mungkin, bahagia sekali.",love,1.4,Indonesian,LLAMA_Indonesian
248cf042-1857-4221-8918-97024a80fcae,Ceritakan tentang terakhir kali seseorang merasakan emosi pada hari kerja. Pastikan untuk mengasih banyak detail tentang emosi yang dirasakan.,"Hari itu, aku merasa sangat stres dan frustrasi saat aku harus menyelesaikan proyek yang sangat sulit dan deadline-nya sangat ketat. Aku merasa sangat tertekan dan tidak tahu harus bagaimana. Aku merasa seperti ingin menangis, tapi aku tidak ingin menangis di depan teman-teman di kantor. Aku hanya bisa mendorong semua kesalanku dan frustrasi itu ke dalam, dan itu sangat melelahkan. Aku merasa seperti aku tidak bisa bernapas dan aku hanya ingin pergi dan kabur dari semua itu. Itu adalah salah satu hari yang sangat sulit dan membuatku merasa sangat tidak enak.",love,1.4,Indonesian,LLAMA_Indonesian
42f85a78-6409-4325-b5e0-0dc7f545a769,Ceritakan tentang terakhir kali seseorang mengalami sesuatu yang membuatnya merasakan emosi pada akhir pekan. Pastikan untuk mengasih banyak detail tentang emosi yang dirasakan.,"Aku masih ingat, itu adalah akhir pekan kemarin. Aku baru saja pulang dari konser favorit aku dan aku sangat, sangat bahagia. Aku dan teman-teman aku berdansa dan bernyanyi, dan aku merasa sangat bahagia dan bahkan, sedikit mungkin, sedikit sedikit sedikit, sedikit sedikit sedikit, sedikit sedikit sedikit sedikit, sedikit sedikit sedikit sedikit, sedikit sedikit sedikit sedikit, sedikit sed it, sed it, sed it, sed it, sed it, sed it, sed it, sed it, sed it, sed it, sed it, sed it, sed it, sed it, sed it, sed it, sed it, sed it, sed it, sed it, sed it, sed it, sed it, sed it, sed it, sed it, sed it, sed it, sed it, sed it, sed it, sed it, sed it, sed it, sed it, sed it, sed it, sed it, sed it, sed it, sed it, sed it, sed it, sed it, sed it, sed",love,1.4,Indonesian,LLAMA_Indonesian
5b952684-6283-4e6e-b313-28c65b48d371,Ceritakan tentang terakhir kali seseorang merasakan emosi saat anda bersama teman anda. Pastikan untuk mengasih banyak detail tentang emosi yang dirasakan.,"Terakhir kali saya merasakan emosi saat saya dan teman saya, Rani, sedang nonton film di bioskop. Saya sangat senang dan bahagia karena saya dan Rani sudah lama tidak nonton film bareng. Tapi, saat film itu, saya merasa sangat sedih dan terharu saat adegan yang sangat emosional dan saya merasa sangat terharu dan air mata saya tumpah. Rani juga ikut menangis dan kami berdua hanya bisa menangis dan menangis dan itu sangat menyenak dan sangat berkesan.",love,1.4,Indonesian,LLAMA_Indonesian
bfc563d5-d6a3-4fc7-8325-c1edb7d53f12,Ceritakan tentang terakhir kali seseorang mengalami sesuatu yang membuatnya merasakan emosi ketika bersama keluarga. Pastikan untuk mengasih banyak detail tentang emosi yang dirasakan.,"Saya masih ingat saat itu, saat saya dan keluarga pergi ke pantai saat liburan musim panas. Saya sangat senang karena itu adalah liburan pertama saya setelah sekian lama, dan saya sangat ingin bersenang-saia dengan keluarga. Saat itu, saya dan keluarga bermain di pantai, berenang, dan bermain pasir. Saya sangat bahagia, dan saya merasa sangat dekat dengan keluarga saya. Saat itu, saya merasa sangat bahagia dan sangat bahagia, dan saya merasa sangat bersyukur memiliki keluarga yang begitu baik dan penyayang. Saat itu, saya merasa sangat bahagia dan sangat bahagia dan sangat bahagia, dan saya merasa sangat bahagia dan sangat bahagia, dan saya merasa sangat bahagia dan sangat bahagia, dan saya merasa sangat bahagia dan sangat bahagia, dan saya merasa sangat bahagia dan sangat bahagia, dan saya merasa sangat bahagia dan sangat bahagia, dan saya merasa sangat bahagia dan sangat bahag",love,1.4,Indonesian,LLAMA_Indonesian
6a32951b-9bd7-410a-800c-92e687e1eb4e,Ceritakan tentang terakhir kali seseorang mengalami sesuatu yang membuatnya merasakan emosi ketika sedang sendirian. Pastikan untuk mengasih banyak detail tentang emosi yang dirasakan.,"Saya masih ingat, itu beberapa bulan yang lalu, saat saya sedang sendirian di rumah, saya menonton film yang sangat sedih. Film itu tentang seorang wanita yang kehilangan orang yang dicintanya dan saya, sebagai penonton, merasa sangat sedih dan terharu. Saya menangis, dan rasanya seperti ada sesu  yang sangat dalam dan sakit di hati saya. Saya merasa sangat sedih dan sedikit kesal, tapi juga sangat sedih dan sedikit kesal, tapi juga sangat sedih dan sedikit kesal, tapi juga sangat sedih dan sedikit kesal, tapi juga sangat sedih dan sedikit kesal, tapi juga sangat sedih dan sedikit kesal, tapi juga sangat sedih dan sedikit kesal, tapi juga sangat sedih dan sedikit kesal, tapi juga sangat sedih dan sedikit kesal, tapi juga sangat sedih dan sedikit kesal, tapi juga sangat sed  dan sedikit kesal, tapi juga sangat sedih dan sedikit kesal, tapi juga sangat sedih dan sedikit kesal, tapi juga sangat sedih dan sedikit kesal,",love,1.4,Indonesian,LLAMA_Indonesian
e267db7a-0f5b-43d7-bde1-195afa705b6e,Ceritakan tentang pengalaman terakhir yang membuat seseorang merasakan emosi. Ceritakan secara rinci apa yang terjadi dan bagaimana perasaannya.,"Saya masih ingat saat itu, saat saya baru saja lulus dari SMA dan sedang menunggu hasil ujian nasional. Saya sangat gugup dan stres karena saya ingin sekali masuk ke universitas impian saya. Saya sudah berlatih dan belajar sangat keras, tapi saya masih khawatif apakah saya akan diterima atau tidak. Saat itu, saya merasa sangat cemas dan tidak tidur semalaman, tidak bisa tidur sama sekam. Akhirnya, saat saya buka hasil ujian, saya sangat gembira dan lega karena saya diterima di universitas impian saya. Saya sangat bahagia dan tidak bisa berkata-kata, saya hanya bisa menangis dan berterima kasih kepada orang tua dan orang-oran yang selalu mendukung saya. Itu adalah salah satu momen yang sangat berarti dan sangat berkesan bagi saya.",love,1.4,Indonesian,LLAMA_Indonesian
c8c01e8d-0f83-44b6-83f2-4ba8a1b6ac53,Ceritakan tentang terakhir kali seseorang mengalami sesuatu yang tidak terduga dan membuatnya merasakan emosi. Pastikan untuk mengasih banyak detail tentang emosi yang dirasakan.,"Saya masih ingat, itu beberapa tahun yang lalu. Saat itu, saya baru saja lulus dari kuliah dan sedang mencari pekerjaan. Saya sangat berharap bisa mendapatkan pekerjaan impian saya, tapi saya malah mendapatkan pekerjaan yang tidak sesuai dengan apa yang saya harapkan. Saya sangat kecewa dan frustasi, dan saya merasa sangat sedih dan putus asa. Saya merasa seperti tidak ada harapan dan tidak tahu apa yang harus saya lakukan. Saya merasa sangat sedih dan tidak bisa tidur, dan saya bahkan sampai menangis. Itu adalah salah satu saat yang paling sulit dan paling emosional dalam hidup saya.",love,1.4,Indonesian,LLAMA_Indonesian
